Opponent/Game	Category	Start	Click	End	XY	Attacking Player	Shot Origin	Shot Outcome	Shot Location	Defending Player	Descriptor
TUR	@@@P1	00:00	00:00	00:00	Worlds Preliminary 2026 M						
TUR	T-START	00:00	00:00	00:00	Worlds Preliminary 2026 M						
TUR	Shot Opponent	00:00	00:03	00:15	Worlds Preliminary 2026 M	Player 4	2	Canada Ball Control Save	1.5	Nick	
TUR	Shot Canada	00:11	00:16	00:36	Worlds Preliminary 2026 M	Nick	5	Goal Canada	2	Player 1	
TUR	Shot Opponent	00:32	00:37	00:43	Worlds Preliminary 2026 M	Player 6	5	Canada Save	3	Mason	
TUR	Shot Canada	00:39	00:44	00:50	Worlds Preliminary 2026 M	Blair	2	Opponent Save	4.5	Player 6	
TUR	Shot Opponent	00:46	00:51	01:00	Worlds Preliminary 2026 M	Player 6	5	Opponent Out	6		
TUR	Shot Canada	00:56	01:01	01:14	Worlds Preliminary 2026 M	Nick	4	Opponent Save	2	Player 4	
TUR	Shot Opponent	01:10	01:15	01:24	Worlds Preliminary 2026 M	Player 4	2	Goal Opponent	3	Mason	
TUR	Shot Canada	01:23	01:28	01:40	Worlds Preliminary 2026 M	Blair	1	Opponent Save	4	Player 1	
TUR	Shot Opponent	01:35	01:40	01:58	Worlds Preliminary 2026 M	Player 6	2	Canada Save	1.5	Nick	
TUR	Shot Canada	01:54	01:59	02:05	Worlds Preliminary 2026 M	Mason	3	Opponent Save	5	Player 6	
TUR	Shot Opponent	02:01	02:06	02:14	Worlds Preliminary 2026 M	Player 6	5	Canada Ball Control Save	4.5	Nick	
TUR	Shot Canada	02:09	02:14	02:21	Worlds Preliminary 2026 M	Nick	5	Canada Out	6		
TUR	Shot Opponent	02:16	02:21	02:34	Worlds Preliminary 2026 M	Player 4	4	Canada Ball Control Save	4.5	Nick	
TUR	Shot Canada	02:45	02:50	03:04	Worlds Preliminary 2026 M	Blair	2	Opponent Save	3.5	Player 1	
TUR	Shot Opponent	03:00	03:05	03:12	Worlds Preliminary 2026 M	Player 4	3	Canada Ball Control Save	3	Mason	
TUR	Shot Canada	03:09	03:14	03:19	Worlds Preliminary 2026 M	Mason	3	Opponent Save	2.5	Player 1	
TUR	Shot Opponent	03:12	03:17	03:24	Worlds Preliminary 2026 M	Player 4	1	Canada Ball Control Save	4.5	Nick	
TUR	Shot Canada	03:19	03:24	03:33	Worlds Preliminary 2026 M	Mason	3	Opponent Save	4	Player 6	
TUR	Shot Opponent	03:29	03:34	03:41	Worlds Preliminary 2026 M	Player 6	5	Canada Ball Control Save	5	Nick	
TUR	Shot Canada	03:37	03:42	03:51	Worlds Preliminary 2026 M	Blair	5	Opponent Save	3	Player 1	
TUR	Shot Opponent	03:46	03:51	03:58	Worlds Preliminary 2026 M	Player 4	1	Canada Save	3	Mason	
TUR	Shot Canada	03:54	03:59	04:08	Worlds Preliminary 2026 M	Blair	2	Opponent Save	5	Player 6	
TUR	Shot Opponent	04:04	04:09	04:26	Worlds Preliminary 2026 M	Player 6	4	Goal Opponent	3	Mason	
TUR	Shot Canada	04:33	04:38	04:50	Worlds Preliminary 2026 M	Blair	2	Goal Canada	4	Player 6	
TUR	Shot Opponent	04:53	04:58	05:10	Worlds Preliminary 2026 M	Player 4	4	Canada Ball Control Save	4	Mason	
TUR	Shot Canada	05:06	05:11	05:16	Worlds Preliminary 2026 M	Mason	3	Opponent Save	3.5	Player 4	
TUR	Shot Opponent	05:12	05:17	05:22	Worlds Preliminary 2026 M	Player 6	5	Canada Save	1.5	Blair	
TUR	Shot Canada	05:17	05:22	05:28	Worlds Preliminary 2026 M	Blair	2	Opponent Save	3	Player 4	
TUR	Shot Opponent	05:25	05:30	05:36	Worlds Preliminary 2026 M	Player 4	3	Canada Ball Control Save	3	Mason	
TUR	Shot Canada	05:32	05:37	05:42	Worlds Preliminary 2026 M	Mason	3	Opponent Save	3	Player 1	
TUR	Shot Opponent	05:35	05:40	05:47	Worlds Preliminary 2026 M	Player 6	4	Canada Save	3	Mason	
TUR	Shot Canada	05:43	05:48	05:54	Worlds Preliminary 2026 M	Blair	2	Opponent Save	2.5	Player 1	
TUR	Shot Opponent	05:50	05:55	06:03	Worlds Preliminary 2026 M	Player 4	4	Canada Save	2.5	Mason	
TUR	Shot Canada	05:59	06:04	06:12	Worlds Preliminary 2026 M	Blair	2	Canada Out	6		
TUR	Shot Opponent	06:59	07:04	07:09	Worlds Preliminary 2026 M	Player 6	5	Canada Ball Control Save	1.5	Blair	
TUR	Shot Canada	07:05	07:10	07:25	Worlds Preliminary 2026 M	Blair	5	Opponent Save	4.5	Player 6	
TUR	Shot Opponent	07:22	07:27	07:36	Worlds Preliminary 2026 M	Player 4	4	Goal Opponent	1	Blair	
TUR	Shot Canada	07:43	07:48	07:57	Worlds Preliminary 2026 M	Nick	4	Opponent Save	1.5	Player 4	
TUR	Shot Opponent	07:52	07:57	08:10	Worlds Preliminary 2026 M	Player 6	2	Canada Ball Control Save	3.5	Mason	
TUR	Shot Canada	08:06	08:11	08:16	Worlds Preliminary 2026 M	Mason	3	Opponent Save	2.5	Player 1	
TUR	Shot Opponent	08:12	08:17	08:22	Worlds Preliminary 2026 M	Player 1	3	Canada Ball Control Save	1.5	Blair	
TUR	Shot Canada	08:17	08:22	08:27	Worlds Preliminary 2026 M	Blair	2	Opponent Save	3	Player 1	
TUR	Shot Opponent	08:21	08:26	08:31	Worlds Preliminary 2026 M	Player 4	2	Canada Ball Control Save	3	Mason	
TUR	Shot Canada	08:26	08:31	08:36	Worlds Preliminary 2026 M	Blair	3	Opponent Save	2.5	Player 1	
TUR	Shot Opponent	08:31	08:36	08:58	Worlds Preliminary 2026 M	Player 4	4	Goal Opponent	2	Blair	
TUR	Shot Canada	08:54	08:59	09:10	Worlds Preliminary 2026 M	Blair	1	Opponent Save	4.5	Player 6	
TUR	Shot Opponent	09:06	09:11	09:17	Worlds Preliminary 2026 M	Player 6	5	Canada Save	4.5	Nick	
TUR	Shot Canada	09:12	09:17	09:26	Worlds Preliminary 2026 M	Blair	1	Opponent Save	3.5	Player 1	
TUR	Shot Opponent	09:22	09:27	09:32	Worlds Preliminary 2026 M	Player 4	2	Canada Ball Control Save	1	Blair	
TUR	Shot Canada	09:27	09:32	09:41	Worlds Preliminary 2026 M	Nick	4	Opponent Save	2	Player 4	
TUR	Shot Opponent	09:37	09:42	09:47	Worlds Preliminary 2026 M	Player 6	5	Canada Ball Control Save	3	Mason	
TUR	Shot Canada	09:42	09:47	09:52	Worlds Preliminary 2026 M	Mason	3	Opponent Save	3	Player 1	
TUR	Shot Opponent	09:48	09:53	09:59	Worlds Preliminary 2026 M	Player 6	5	Canada Save	3.5	Mason	
TUR	Shot Canada	09:54	09:59	10:07	Worlds Preliminary 2026 M	Nick	5	Opponent Save	3.5	Player 1	
TUR	Shot Opponent	10:02	10:07	10:17	Worlds Preliminary 2026 M	Player 4	1	Goal Opponent	5	Nick	
TUR	Shot Canada	10:27	10:32	10:42	Worlds Preliminary 2026 M	Blair	1	Opponent Save	4	Player 1	
TUR	Shot Opponent	10:58	11:03	11:13	Worlds Preliminary 2026 M	Player 6	5	Canada Save	2.5	Mason	
TUR	Shot Canada	11:09	11:14	11:23	Worlds Preliminary 2026 M	Blair	2	Opponent Save	1.5	Player 4	
TUR	Shot Opponent	11:18	11:23	11:33	Worlds Preliminary 2026 M	Player 4	4	Canada Ball Control Save	1.5	Blair	
TUR	Shot Opponent	11:44	11:49	12:06	Worlds Preliminary 2026 M	Player 6	4	Canada Ball Control Save	2	Blair	
TUR	Shot Canada	12:01	12:06	12:13	Worlds Preliminary 2026 M	Blair	4	Opponent Save	2	Player 4	
TUR	Shot Opponent	12:09	12:14	12:23	Worlds Preliminary 2026 M	Player 4	5	Canada Ball Control Save	1.5	Blair	
TUR	Shot Canada	12:21	12:26	12:34	Worlds Preliminary 2026 M	Nick	1	Opponent Save	4	Player 6	
TUR	Shot Opponent	12:29	12:34	12:39	Worlds Preliminary 2026 M	Player 6	4	Canada Save	2	Mason	
TUR	Shot Canada	12:35	12:40	12:50	Worlds Preliminary 2026 M	Blair	2	Opponent Save	5	Player 6	
TUR	Shot Opponent	12:46	12:51	13:06	Worlds Preliminary 2026 M	Player 4	3	Opponent Out	0		
TUR	Shot Canada	13:02	13:07	13:21	Worlds Preliminary 2026 M	Mason	1	Opponent Save	4.5	Player 6	
TUR	Shot Opponent	13:17	13:22	13:35	Worlds Preliminary 2026 M	Player 6	5	Canada Ball Control Save	2.5	Mason	
TUR	Shot Canada	13:30	13:35	13:40	Worlds Preliminary 2026 M	Mason	3	Opponent Save	2	Player 4	
TUR	Shot Opponent	13:35	13:40	13:45	Worlds Preliminary 2026 M	Player 4	2	Canada Ball Control Save	3	Mason	
TUR	Shot Canada	13:40	13:45	13:50	Worlds Preliminary 2026 M	Mason	3	Opponent Save	3.5	Player 1	
TUR	Shot Opponent	13:45	13:50	13:56	Worlds Preliminary 2026 M	Player 6	5	Canada Ball Control Save	4.5	Nick	
TUR	Shot Canada	13:51	13:56	14:03	Worlds Preliminary 2026 M	Nick	5	Opponent Save	4.5	Player 6	
TUR	Shot Opponent	13:59	14:04	14:14	Worlds Preliminary 2026 M	Player 4	5	Opponent Out	0		
TUR	Shot Canada	14:09	14:14	14:29	Worlds Preliminary 2026 M	Blair	1	Opponent Save	4.5	Player 6	
TUR	Shot Opponent	14:24	14:29	14:35	Worlds Preliminary 2026 M	Player 4	2	Canada Ball Control Save	4	Mason	
TUR	Shot Canada	14:30	14:35	14:42	Worlds Preliminary 2026 M	Mason	3	Opponent Save	1	Player 4	
TUR	Shot Opponent	14:38	14:43	14:50	Worlds Preliminary 2026 M	Player 6	2	Canada Save	3	Mason	
TUR	Shot Canada	14:46	14:51	15:49	Worlds Preliminary 2026 M	Blair	2	Long Ball			
TUR	Penalty Shot Opponent	16:04	16:09	16:19	Worlds Preliminary 2026 M	Player 6	3	Goal Opponent	4	Blair	
TUR	Shot Canada	16:32	16:37	16:45	Worlds Preliminary 2026 M	Mason	5	Opponent Save	4.5	Player 6	
TUR	Shot Opponent	16:40	16:45	16:51	Worlds Preliminary 2026 M	Player 4	2	Canada Ball Control Save	3	Mason	
TUR	Shot Canada	16:47	16:52	17:01	Worlds Preliminary 2026 M	Blair	1	Opponent Save	4	Player 6	
TUR	Shot Opponent	16:56	17:01	17:07	Worlds Preliminary 2026 M	Player 6	4	Canada Ball Control Save	2.5	Mason	
TUR	Shot Canada	17:03	17:08	17:14	Worlds Preliminary 2026 M	Mason	3	Opponent Save	4	Player 6	
TUR	Shot Opponent	17:10	17:15	17:23	Worlds Preliminary 2026 M	Player 4	3	Canada Ball Control Save	3.5	Mason	
TUR	Shot Canada	17:18	17:23	17:44	Worlds Preliminary 2026 M	Blair	2	Canada Out	0		
TUR	Shot Opponent	17:39	17:44	17:55	Worlds Preliminary 2026 M	Player 4	3	Canada Save	4	Nick	
TUR	Shot Canada	17:51	17:56	18:52	Worlds Preliminary 2026 M	Harry	1	Opponent Save	4	Player 6	Ball Over
TUR	Shot Canada	19:04	19:09	19:15	Worlds Preliminary 2026 M	Harry	2	Opponent Save	2.5	Player 1	
TUR	Shot Opponent	19:10	19:15	19:24	Worlds Preliminary 2026 M	Player 4	3	Canada Ball Control Save	1.5	Harry	
TUR	Shot Canada	19:20	19:25	19:34	Worlds Preliminary 2026 M	Nick	4	Opponent Save	4	Player 1	
TUR	Shot Opponent	19:29	19:34	19:41	Worlds Preliminary 2026 M	Player 6	5	Canada Ball Control Save	5	Nick	
TUR	Shot Canada	19:36	19:41	19:50	Worlds Preliminary 2026 M	Nick	5	Opponent Save	2	Player 4	
TUR	Shot Opponent	19:46	19:51	19:57	Worlds Preliminary 2026 M	Player 4	5	Canada Save	1.5	Harry	
TUR	Shot Canada	19:53	19:58	20:14	Worlds Preliminary 2026 M	Harry	4	Opponent Save	4	Player 6	
TUR	Shot Opponent	20:10	20:15	20:23	Worlds Preliminary 2026 M	Player 6	4	Canada Save	3.5	Mason	
TUR	Shot Canada	20:19	20:24	20:32	Worlds Preliminary 2026 M	Nick	5	Opponent Save	1	Player 4	
TUR	Shot Opponent	20:28	20:33	20:45	Worlds Preliminary 2026 M	Player 4	1	Canada Save	4	Nick	
TUR	Shot Canada	20:56	21:01	21:09	Worlds Preliminary 2026 M	Harry	1	Opponent Save	4	Player 6	
TUR	Shot Opponent	21:05	21:10	21:21	Worlds Preliminary 2026 M	Player 6	5	Canada Ball Control Save	3.5	Mason	
TUR	T-END	21:24	21:24	21:24	Worlds Preliminary 2026 M						
TUR	@@@P2	27:50	27:50	27:50	Worlds Preliminary 2026 M						
TUR	T-START	27:50	27:50	27:50	Worlds Preliminary 2026 M						
TUR	Shot Canada	27:47	27:52	28:01	Worlds Preliminary 2026 M	Harry	1	Opponent Save	3.5	Player 4	
TUR	Shot Opponent	27:57	28:02	28:13	Worlds Preliminary 2026 M	Player 3	4	Canada Ball Control Save	4.5	Blair	
TUR	Shot Canada	28:09	28:14	28:28	Worlds Preliminary 2026 M	Blair	5	Opponent Save	4	Player 1	
TUR	Shot Opponent	28:23	28:28	28:41	Worlds Preliminary 2026 M	Player 4	2	Canada Save	4	Blair	
TUR	Shot Canada	28:37	28:42	28:49	Worlds Preliminary 2026 M	Blair	5	Opponent Save	4.5	Player 3	
TUR	Shot Opponent	28:45	28:50	28:58	Worlds Preliminary 2026 M	Player 3	5	Canada Ball Control Save	1.5	Harry	
TUR	Shot Canada	28:53	28:58	29:05	Worlds Preliminary 2026 M	Harry	2	Opponent Save	2	Player 4	
TUR	Shot Opponent	29:01	29:06	29:16	Worlds Preliminary 2026 M	Player 4	2	Canada Ball Control Save	4.5	Blair	
TUR	Shot Canada	29:11	29:16	29:21	Worlds Preliminary 2026 M	Blair	5	Opponent Save	3	Player 1	
TUR	Shot Opponent	29:14	29:19	29:28	Worlds Preliminary 2026 M	Player 3	2	Canada Ball Control Save	1.5	Harry	
TUR	Shot Canada	29:23	29:28	29:36	Worlds Preliminary 2026 M	Harry	1	Opponent Save	3	Player 1	
TUR	Shot Opponent	29:31	29:36	29:44	Worlds Preliminary 2026 M	Player 4	3	Canada Save	2.5	Mason	
TUR	Shot Canada	29:40	29:45	29:51	Worlds Preliminary 2026 M	Mason	3	Canada Out	6		
TUR	Shot Opponent	29:50	29:55	30:10	Worlds Preliminary 2026 M	Player 3	2	Canada Ball Control Save	4.5	Blair	
TUR	Shot Canada	30:05	30:10	30:18	Worlds Preliminary 2026 M	Blair	4	Opponent Save	4.5	Player 3	
TUR	Shot Opponent	30:13	30:18	30:36	Worlds Preliminary 2026 M	Player 4	4	Canada Ball Control Save	1	Harry	
TUR	Shot Canada	30:31	30:36	30:47	Worlds Preliminary 2026 M	Harry	1	Opponent Save	4	Player 3	
TUR	Shot Opponent	30:42	30:47	31:03	Worlds Preliminary 2026 M	Player 3	4	Goal Opponent	2	Mason	
TUR	Shot Canada	31:03	31:08	31:13	Worlds Preliminary 2026 M	Harry	2	Opponent Save	1	Player 4	
TUR	Shot Opponent	31:08	31:13	31:21	Worlds Preliminary 2026 M	Player 4	2	Canada Ball Control Save	4	Blair	
TUR	Shot Canada	31:17	31:22	31:27	Worlds Preliminary 2026 M	Blair	4	Opponent Save	4	Player 3	
TUR	Shot Opponent	31:21	31:26	31:32	Worlds Preliminary 2026 M	Player 3	2	Canada Ball Control Save	1.5	Harry	
TUR	Shot Canada	31:27	31:32	31:38	Worlds Preliminary 2026 M	Harry	1	Opponent Save	1.5	Player 4	
TUR	Shot Opponent	31:34	31:39	31:48	Worlds Preliminary 2026 M	Player 4	5	Canada Save	4	Blair	
TUR	Shot Canada	31:43	31:48	31:55	Worlds Preliminary 2026 M	Blair	5	Opponent Save	5	Player 3	
TUR	Shot Opponent	31:51	31:56	32:09	Worlds Preliminary 2026 M	Player 3	5	Canada Ball Control Save	1	Harry	
TUR	Shot Canada	32:05	32:10	32:17	Worlds Preliminary 2026 M	Harry	1	Opponent Save	3.5	Player 1	
TUR	Shot Opponent	32:13	32:18	32:26	Worlds Preliminary 2026 M	Player 3	3	Canada Ball Control Save	1	Harry	
TUR	Shot Canada	32:21	32:26	32:38	Worlds Preliminary 2026 M	Blair	5	Opponent Save	3	Player 1	
TUR	Shot Opponent	32:34	32:39	33:04	Worlds Preliminary 2026 M	Player 4	1	Canada Ball Control Save	5	Blair	
TUR	Shot Canada	34:07	34:12	34:18	Worlds Preliminary 2026 M	Harry	2	Opponent Save	3	Player 1	
TUR	Shot Opponent	34:13	34:18	34:25	Worlds Preliminary 2026 M	Player 1	3.5	Canada Ball Control Save	2	Harry	
TUR	Shot Canada	34:21	34:26	34:31	Worlds Preliminary 2026 M						
TUR	Shot Opponent	34:27	34:32	34:37	Worlds Preliminary 2026 M	Player 3	4	Canada Ball Control Save	3	Mason	
TUR	Shot Canada	34:30	34:35	34:41	Worlds Preliminary 2026 M	Blair	5	Opponent Save	3.5	Player 1	
TUR	Shot Opponent	34:37	34:42	35:00	Worlds Preliminary 2026 M	Player 3	4	Goal Opponent	3.5	Mason	
TUR	Shot Canada	34:55	35:00	35:07	Worlds Preliminary 2026 M	Harry	1	Opponent Save	3	Player 1	
TUR	Shot Opponent	35:02	35:07	35:15	Worlds Preliminary 2026 M	Player 4	3	Canada Ball Control Save	4.5	Blair	
TUR	Shot Canada	35:10	35:15	35:20	Worlds Preliminary 2026 M	Blair	5	Opponent Save	2	Player 4	
TUR	Shot Opponent	35:16	35:21	35:30	Worlds Preliminary 2026 M	Player 4	2	Canada Save	4.5	Blair	
TUR	Shot Canada	35:27	35:32	35:43	Worlds Preliminary 2026 M	Blair	5	Opponent Save	4	Player 3	
TUR	Shot Opponent	35:39	35:44	35:50	Worlds Preliminary 2026 M	Player 3	4	Canada Ball Control Save	2	Harry	
TUR	Shot Canada	36:32	36:37	36:47	Worlds Preliminary 2026 M	Harry	1	Canada Out	6		
TUR	Shot Opponent	36:45	36:50	37:04	Worlds Preliminary 2026 M	Player 3	2	Goal Opponent	5	Blair	
TUR	Shot Canada	37:00	37:05	37:19	Worlds Preliminary 2026 M	Blair	2	Canada Out	6		
TUR	Shot Opponent	37:19	37:24	37:33	Worlds Preliminary 2026 M	Player 4	4	Canada Ball Control Save	3	Mason	
TUR	Shot Canada	37:28	37:33	37:39	Worlds Preliminary 2026 M	Mason	3	Opponent Save	3	Player 1	
TUR	Shot Opponent	37:35	37:40	37:46	Worlds Preliminary 2026 M	Player 4	2	Canada Ball Control Save	5	Blair	
TUR	Shot Canada	37:41	37:46	37:51	Worlds Preliminary 2026 M	Blair	5	Canada Out	0		
TUR	Shot Opponent	37:45	37:50	38:04	Worlds Preliminary 2026 M	Player 3	2	Goal Opponent	5	Blair	
TUR	Shot Canada	38:13	38:18	38:28	Worlds Preliminary 2026 M	Harry	3	Goal Canada	2	Player 1	
TUR	Shot Opponent	38:24	38:29	38:38	Worlds Preliminary 2026 M	Player 4	1	Canada Ball Control Save	3	Mason	
TUR	Shot Canada	38:33	38:38	38:43	Worlds Preliminary 2026 M	Mason	3	Opponent Save	2	Player 4	
TUR	Shot Opponent	38:38	38:43	39:00	Worlds Preliminary 2026 M	Player 4	1	Canada Ball Control Save	4.5	Blair	
TUR	Shot Canada	39:27	39:32	39:41	Worlds Preliminary 2026 M	Harry	4	Long Ball			
TUR	Penalty Shot Opponent	39:50	39:55	41:03	Worlds Preliminary 2026 M	Player 4	4	Goal Opponent	2	Harry	
TUR	Shot Canada	41:11	41:16	41:25	Worlds Preliminary 2026 M	Nick	5	Opponent Save	2	Player 1	
TUR	Shot Opponent	41:21	41:26	41:35	Worlds Preliminary 2026 M	Player 4	2	Canada Save	2.5	Mason	
TUR	Shot Canada	41:30	41:35	41:41	Worlds Preliminary 2026 M	Mason	4	Opponent Save	5	Player 3	
TUR	Shot Opponent	41:37	41:42	41:49	Worlds Preliminary 2026 M	Player 3	5	Canada Save	2.5	Mason	
TUR	Shot Canada	41:44	41:49	41:57	Worlds Preliminary 2026 M	Harry	1	Opponent Save	3.5	Player 1	
TUR	Shot Opponent	42:40	42:45	42:55	Worlds Preliminary 2026 M	Player 3	5	Canada Ball Control Save	1	Harry	
TUR	Shot Canada	42:51	42:56	43:06	Worlds Preliminary 2026 M	Harry	2	Opponent Save	2.5	Player 1	
TUR	Shot Opponent	43:03	43:08	43:23	Worlds Preliminary 2026 M	Player 5	3	Canada Ball Control Save	5	Nick	
TUR	Shot Canada	43:19	43:24	43:32	Worlds Preliminary 2026 M	Nick	5	Opponent Save	2	Player 5	
TUR	Shot Opponent	43:27	43:32	43:38	Worlds Preliminary 2026 M	Player 5	2	Canada Ball Control Save	3.5	Mason	
TUR	Shot Canada	43:34	43:39	43:44	Worlds Preliminary 2026 M	Mason	3	Opponent Save	3	Player 1	
TUR	Shot Opponent	43:39	43:44	43:51	Worlds Preliminary 2026 M	Player 3	1	Canada Save	3	Mason	
TUR	Shot Canada	43:47	43:52	44:07	Worlds Preliminary 2026 M	Nick	5	Canada Out	0		
TUR	Shot Opponent	44:04	44:09	44:24	Worlds Preliminary 2026 M	Player 3	3	Canada Ball Control Save	3.5	Mason	
TUR	Shot Canada	44:19	44:24	44:32	Worlds Preliminary 2026 M	Mason	3	Opponent Save	3.5	Player 1	
TUR	Shot Opponent	44:28	44:33	44:43	Worlds Preliminary 2026 M	Player 5	1	Canada Ball Control Save	5	Nick	
TUR	Shot Canada	44:39	44:44	44:54	Worlds Preliminary 2026 M	Harry	5	Opponent Save	3	Player 1	
TUR	Shot Opponent	44:49	44:54	45:02	Worlds Preliminary 2026 M	Player 5	2	High Ball			
TUR	Penalty Shot Canada	45:11	45:16	45:26	Worlds Preliminary 2026 M	Mason	3	Canada Out	6		
TUR	Shot Opponent	45:23	45:28	45:35	Worlds Preliminary 2026 M	Player 3	4	Canada Ball Control Save	3	Mason	
TUR	Shot Canada	45:30	45:35	45:43	Worlds Preliminary 2026 M	Mason	3	Opponent Save	5	Player 3	
TUR	Shot Opponent	45:38	45:43	45:54	Worlds Preliminary 2026 M	Player 5	1	Canada Save	4.5	Nick	
TUR	Shot Canada	45:50	45:55	46:01	Worlds Preliminary 2026 M	Mason	3	Canada Out	6		
TUR	Shot Opponent	46:04	46:09	46:20	Worlds Preliminary 2026 M	Player 3	3	Canada Ball Control Save	1	Harry	
TUR	Shot Canada	46:15	46:20	47:19	Worlds Preliminary 2026 M	Harry	1	Opponent Save	4	Player 3	Ball Over
TUR	Shot Canada	47:20	47:25	47:44	Worlds Preliminary 2026 M	Harry	1	Opponent Save	3.5	Player 1	
TUR	Shot Opponent	47:39	47:44	47:53	Worlds Preliminary 2026 M	Player 3	4	Canada Ball Control Save	3	Mason	Raki
TUR	Shot Canada	47:49	47:54	48:04	Worlds Preliminary 2026 M	Harry	4	Opponent Save	2	Player 5	
TUR	Shot Opponent	48:00	48:05	48:10	Worlds Preliminary 2026 M	Player 5	2	Canada Ball Control Save	3	Raki	
TUR	Shot Canada	48:05	48:10	48:16	Worlds Preliminary 2026 M	Nick	4	Opponent Save	4.5	Player 3	
TUR	Shot Opponent	48:11	48:16	48:21	Worlds Preliminary 2026 M	Player 3	1	Canada Ball Control Save	1	Harry	
TUR	Shot Canada	48:16	48:21	48:26	Worlds Preliminary 2026 M	Harry	5	Opponent Save	2	Player 1	
TUR	Shot Opponent	48:22	48:27	48:34	Worlds Preliminary 2026 M	Player 5	2	Canada Ball Control Save	1.5	Harry	
TUR	Shot Canada	48:30	48:35	48:46	Worlds Preliminary 2026 M	Harry	2	Opponent Save	3.5	Player 1	
TUR	Shot Opponent	49:25	49:30	49:45	Worlds Preliminary 2026 M	Player 5	2	Goal Opponent	2	Harry	
TUR	Shot Canada	49:41	49:46	49:54	Worlds Preliminary 2026 M	Nick	1	Opponent Save	1.5	Player 5	
TUR	Shot Opponent	49:50	49:55	50:02	Worlds Preliminary 2026 M	Player 3	5	Canada Ball Control Save	3.5	Peter	Raki
TUR	Shot Canada	49:58	50:03	50:13	Worlds Preliminary 2026 M	Nick	5	Opponent Save	2.5	Player 2	
TUR	Shot Opponent	50:09	50:14	50:20	Worlds Preliminary 2026 M	Player 5	1	Canada Ball Control Save	1	Harry	
TUR	Shot Canada	50:15	50:20	50:26	Worlds Preliminary 2026 M	Harry	5	Opponent Save	4	Player 3	
TUR	Shot Opponent	50:22	50:27	50:49	Worlds Preliminary 2026 M	Player 3	5	Goal Opponent	2	Raki	
TUR	T-END	50:54	50:54	50:54	Worlds Preliminary 2026 M						
CANADA	@@@P1	00:00	00:00	00:00	Worlds Placement 2026 M						
CANADA	T-START	00:00	00:00	00:00	Worlds Placement 2026 M						
CANADA	Shot Canada	00:25	00:30	00:46	Worlds Placement 2026 M	Blair	5	Opponent Save	1.5	Player 2	
CANADA	Shot Opponent	00:42	00:47	00:59	Worlds Placement 2026 M	Player 2	2	Canada Ball Control Save	3	Mason	
CANADA	Shot Canada	00:55	01:00	01:09	Worlds Placement 2026 M	Mason	3	Opponent Save	3.5	Player 3	Ball Over
CANADA	Shot Canada	01:05	01:10	01:22	Worlds Placement 2026 M	Nick	2	Opponent Save	3	Player 3	
CANADA	Shot Opponent	01:17	01:22	01:34	Worlds Placement 2026 M	Player 9	5	Canada Save	2	Nick	
CANADA	Shot Canada	01:29	01:34	01:42	Worlds Placement 2026 M	Nick	2	Opponent Save	3	Player 3	
CANADA	Shot Opponent	01:42	01:47	01:56	Worlds Placement 2026 M	Player 2	2	Opponent Out	6		
CANADA	Shot Canada	02:02	02:07	02:15	Worlds Placement 2026 M	Blair	2	Opponent Save	4.5	Player 9	
CANADA	Shot Opponent	02:10	02:15	02:23	Worlds Placement 2026 M	Player 9	5	Canada Ball Control Save	3.5	Mason	
CANADA	Shot Canada	02:19	02:24	02:35	Worlds Placement 2026 M	Mason	3	Goal Canada	4	Player 9	
CANADA	Shot Opponent	02:34	02:39	02:50	Worlds Placement 2026 M	Player 2	2	Canada Save	3.5	Mason	
CANADA	Shot Canada	02:46	02:51	03:04	Worlds Placement 2026 M	Blair	5	Opponent Save	3	Player 3	
CANADA	Shot Opponent	03:00	03:05	03:16	Worlds Placement 2026 M	Player 3	3	Canada Save	4	Blair	
CANADA	Shot Canada	03:14	03:19	03:32	Worlds Placement 2026 M	Nick	2	Canada Out	5	6	
CANADA	Shot Opponent	03:29	03:34	03:43	Worlds Placement 2026 M	Player 9	5	Canada Save	1	Nick	
CANADA	Shot Canada	03:38	03:43	03:50	Worlds Placement 2026 M	Nick	1	Opponent Save	2	Player 2	
CANADA	Shot Opponent	03:45	03:50	03:56	Worlds Placement 2026 M	Player 2	2	Canada Ball Control Save	3.5	Mason	
CANADA	Shot Canada	03:54	03:59	04:04	Worlds Placement 2026 M	Blair	3	Opponent Save	2.5	Player 3	
CANADA	Shot Opponent	04:00	04:05	04:13	Worlds Placement 2026 M	Player 3	3	Canada Ball Control Save	3	Mason	
CANADA	Shot Canada	04:09	04:14	04:21	Worlds Placement 2026 M	Mason	3	Opponent Save	2.5	Player 3	
CANADA	Shot Opponent	04:16	04:21	04:28	Worlds Placement 2026 M	Player 9	4	Canada Ball Control Save	3	Mason	
CANADA	Shot Canada	04:23	04:28	04:40	Worlds Placement 2026 M	Blair	5	Opponent Save	2.5	Player 3	
CANADA	Shot Opponent	04:35	04:40	04:49	Worlds Placement 2026 M	Player 2	2	Canada Ball Control Save	4	Blair	
CANADA	Shot Canada	04:45	04:50	04:59	Worlds Placement 2026 M	Blair	2	Opponent Save	5	Player 9	
CANADA	Shot Opponent	04:54	04:59	05:13	Worlds Placement 2026 M	Player 9	5	Opponent Out	0		
CANADA	Shot Canada	05:09	05:14	05:27	Worlds Placement 2026 M	Nick	1	Opponent Save	3	Player 3	
CANADA	Shot Opponent	05:33	05:38	05:52	Worlds Placement 2026 M	Player 2	2	Canada Ball Control Save	4.5	Nick	
CANADA	Shot Canada	06:09	06:14	06:25	Worlds Placement 2026 M	Mason	2	Opponent Save	4	Player 3	Ball Over
CANADA	Shot Canada	06:23	06:28	06:41	Worlds Placement 2026 M	Blair	1	Opponent Save	5	Player 9	
CANADA	Shot Opponent	06:38	06:43	07:02	Worlds Placement 2026 M	Player 9	5	Canada Ball Control Save	3	Mason	
CANADA	Shot Canada	06:58	07:03	07:11	Worlds Placement 2026 M	Mason	3	Opponent Save	4	Player 9	
CANADA	Shot Opponent	07:06	07:11	07:18	Worlds Placement 2026 M	Player 3	3	Canada Ball Control Save	3	Mason	
CANADA	Shot Canada	07:14	07:19	07:25	Worlds Placement 2026 M	Nick	2	Opponent Save	3	Player 3	
CANADA	Shot Opponent	07:20	07:25	07:30	Worlds Placement 2026 M	Player 3	3	Canada Ball Control Save	3.5	Mason	
CANADA	Shot Canada	07:24	07:29	07:34	Worlds Placement 2026 M	Mason	3	Opponent Save	2.5	Player 3	
CANADA	Shot Opponent	07:28	07:33	07:39	Worlds Placement 2026 M	Player 2	2	Canada Ball Control Save	3	Mason	
CANADA	Shot Canada	07:34	07:39	07:50	Worlds Placement 2026 M	Blair	5	Opponent Save	3.5	Player 3	
CANADA	Shot Opponent	07:48	07:53	08:09	Worlds Placement 2026 M	Player 9	5	Canada Ball Control Save	1	Nick	
CANADA	Shot Canada	08:05	08:10	08:21	Worlds Placement 2026 M	Blair	1	Opponent Save	4.5	Player 9	
CANADA	Shot Opponent	08:17	08:22	08:37	Worlds Placement 2026 M	Player 2	2	Canada Ball Control Save	4	Blair	
CANADA	Shot Canada	08:33	08:38	08:44	Worlds Placement 2026 M	Blair	5	Opponent Save	2	Player 3	
CANADA	Shot Opponent	08:39	08:44	08:50	Worlds Placement 2026 M	Player 3	2	Canada Ball Control Save	3	Mason	
CANADA	Shot Canada	08:46	08:51	08:56	Worlds Placement 2026 M	Mason	3	Opponent Save	2.5	Player 3	
CANADA	Shot Opponent	08:50	08:55	09:02	Worlds Placement 2026 M	Player 9	4	Canada Ball Control Save	4	Blair	
CANADA	Shot Canada	08:58	09:03	09:08	Worlds Placement 2026 M	Blair	4	Opponent Save	3	Player 3	
CANADA	Shot Opponent	09:08	09:13	09:22	Worlds Placement 2026 M	Player 2	2	Canada Save	4.5	Blair	
CANADA	Shot Canada	09:17	09:22	09:36	Worlds Placement 2026 M	Nick	2	Opponent Save	3	Player 3	
CANADA	Shot Opponent	09:34	09:39	09:45	Worlds Placement 2026 M	Player 9	5	Canada Ball Control Save	2.5	Mason	
CANADA	Shot Canada	09:41	09:46	10:03	Worlds Placement 2026 M	Mason	3	Opponent Save	3.5	Player 3	
CANADA	Shot Opponent	09:59	10:04	10:13	Worlds Placement 2026 M	Player 3	3	Canada Save	2	Nick	
CANADA	Shot Canada	10:08	10:13	10:19	Worlds Placement 2026 M	Blair	4	Canada Out	6		
CANADA	Shot Opponent	10:22	10:27	10:37	Worlds Placement 2026 M	Player 2	2	Canada Ball Control Save	2	Mason	
CANADA	Shot Canada	10:32	10:37	10:43	Worlds Placement 2026 M	Blair	4	Opponent Save	3	Player 3	
CANADA	Shot Opponent	10:38	10:43	10:57	Worlds Placement 2026 M	Player 9	2	Canada Ball Control Save	3.5	2	Mason
CANADA	Shot Canada	11:29	11:34	11:54	Worlds Placement 2026 M	Blair	5	Long Ball			
CANADA	Penalty Shot Opponent	12:12	12:17	12:23	Worlds Placement 2026 M	Player 2	5	Opponent Out	0		
CANADA	Shot Canada	12:20	12:25	12:34	Worlds Placement 2026 M	Blair	5	Opponent Save	3	Player 3	
CANADA	Shot Opponent	12:32	12:37	12:43	Worlds Placement 2026 M	Player 9	5	Canada Ball Control Save	2.5	Mason	
CANADA	Shot Canada	12:39	12:44	12:53	Worlds Placement 2026 M	Nick	2	Opponent Save	1	Player 2	
CANADA	Shot Opponent	12:48	12:53	13:08	Worlds Placement 2026 M	Player 2	3	Opponent Out	0		
CANADA	Shot Canada	13:04	13:09	13:29	Worlds Placement 2026 M	Mason	1	Opponent Save	3.5	Player 3	Ball Over
CANADA	Shot Canada	13:25	13:30	13:48	Worlds Placement 2026 M	Blair	5	Canada Out	0		
CANADA	Shot Opponent	13:43	13:48	14:04	Worlds Placement 2026 M	Player 9	4	Canada Ball Control Save	1.5	Nick	
CANADA	Shot Canada	14:00	14:05	14:10	Worlds Placement 2026 M	Nick	2	Opponent Save	3	Player 3	
CANADA	Shot Opponent	14:04	14:09	14:18	Worlds Placement 2026 M	Player 3	4	Canada Ball Control Save	2	Nick	
CANADA	Shot Canada	14:14	14:19	14:25	Worlds Placement 2026 M	Nick	2	Opponent Save	4.5	Player 2	
CANADA	Shot Opponent	14:20	14:25	14:35	Worlds Placement 2026 M	Player 2	3	Canada Save	2	Nick	
CANADA	Shot Canada	14:31	14:36	14:42	Worlds Placement 2026 M	Blair	3	Opponent Save	5	Player 9	
CANADA	Shot Opponent	14:40	14:45	15:08	Worlds Placement 2026 M	Player 9	5	Canada Ball Control Save	1	Nick	
CANADA	Shot Canada	15:04	15:09	15:17	Worlds Placement 2026 M	Nick	1	Canada Out	0		
CANADA	Shot Opponent	15:12	15:17	15:33	Worlds Placement 2026 M	Player 2	2	Canada Ball Control Save	2	Nick	
CANADA	Shot Canada	15:29	15:34	15:39	Worlds Placement 2026 M	Nick	2	Opponent Save	3	Player 3	
CANADA	Shot Opponent	15:34	15:39	15:46	Worlds Placement 2026 M	Player 3	3	Canada Ball Control Save	2	Mason	
CANADA	Shot Canada	15:42	15:47	15:53	Worlds Placement 2026 M	Mason	3	Opponent Save	4.5	Player 9	
CANADA	Shot Opponent	15:49	15:54	16:02	Worlds Placement 2026 M	Player 9	4	Canada Ball Control Save	2	Nick	
CANADA	Shot Canada	15:57	16:02	16:16	Worlds Placement 2026 M	Blair	4	Opponent Save	4	Player 3	
CANADA	Shot Opponent	16:11	16:16	16:32	Worlds Placement 2026 M	Player 9	4	Long Ball			
CANADA	Penalty Shot Canada	16:45	16:50	17:01	Worlds Placement 2026 M	Blair	1	Long Ball			
CANADA	Penalty Shot Opponent	17:15	17:20	17:31	Worlds Placement 2026 M	Player 9	5	Goal Opponent	3	Blair	
CANADA	Shot Canada	17:38	17:43	17:50	Worlds Placement 2026 M	Nick	2	Canada Out	0		
CANADA	Shot Opponent	17:46	17:51	18:11	Worlds Placement 2026 M	Player 2	2	Goal Opponent	4	Blair	
CANADA	Shot Canada	18:15	18:20	18:31	Worlds Placement 2026 M	Blair	5	Opponent Save	2	Player 3	
CANADA	Shot Opponent	18:27	18:32	18:40	Worlds Placement 2026 M	Player 2	2	Canada Ball Control Save	4.5	Blair	
CANADA	Shot Canada	18:35	18:40	18:45	Worlds Placement 2026 M	Blair	5	Opponent Save	3	Player 3	
CANADA	Shot Opponent	18:40	18:45	18:50	Worlds Placement 2026 M	Player 3	3	Canada Ball Control Save	3	Mason	
CANADA	Shot Canada	18:44	18:49	18:54	Worlds Placement 2026 M	Mason	3	Opponent Save	4	Player 9	
CANADA	Shot Opponent	19:37	19:42	19:49	Worlds Placement 2026 M	Player 9	4	Canada Ball Control Save	5	Blair	
CANADA	Shot Canada	19:45	19:50	19:58	Worlds Placement 2026 M	Blair	2	Opponent Save	4.5	Player 9	
CANADA	Shot Opponent	19:54	19:59	20:12	Worlds Placement 2026 M	Player 2	2	Canada Save	1	Nick	Ball Over
CANADA	Shot Opponent	20:08	20:13	20:30	Worlds Placement 2026 M	Player 9	5	Canada Ball Control Save	4	Blair	
CANADA	Shot Canada	20:26	20:31	20:37	Worlds Placement 2026 M	Blair	5	Opponent Save	1.5	Player 2	
CANADA	Shot Opponent	20:33	20:38	20:52	Worlds Placement 2026 M	Player 2	2	Canada Ball Control Save	3	Mason	
CANADA	Shot Canada	20:48	20:53	20:58	Worlds Placement 2026 M	Mason	3	Opponent Save	4.5	Player 9	
CANADA	Shot Opponent	20:53	20:58	21:06	Worlds Placement 2026 M	Player 9	5	Canada Ball Control Save	1	Nick	
CANADA	Shot Canada	21:05	21:10	21:15	Worlds Placement 2026 M	Mason	1	Canada Out	6		
CANADA	Shot Opponent	21:15	21:20	21:29	Worlds Placement 2026 M	Player 9	5	Canada Ball Control Save	2	Mason	
CANADA	Shot Canada	21:24	21:29	21:34	Worlds Placement 2026 M	Mason	2	Opponent Save	4.5	Player 9	
CANADA	Shot Opponent	21:29	21:34	21:42	Worlds Placement 2026 M	Player 2	2	Canada Ball Control Save	4	Mason	
CANADA	Shot Canada	21:38	21:43	21:48	Worlds Placement 2026 M	Mason	3	Opponent Save	4	Player 9	
CANADA	Shot Opponent	21:49	21:54	22:13	Worlds Placement 2026 M	Player 2	2	Canada Ball Control Save	5	Blair	
CANADA	Shot Canada	22:44	22:49	22:54	Worlds Placement 2026 M	Mason	1	Canada Out	6		
CANADA	T-END	23:07	23:07	23:07	Worlds Placement 2026 M						
CANADA	@@@P2	28:19	28:19	28:19	Worlds Placement 2026 M						
CANADA	T-START	28:19	28:19	28:19	Worlds Placement 2026 M						
CANADA	Shot Opponent	28:50	28:55	29:04	Worlds Placement 2026 M	Player 3	4	Canada Ball Control Save	3	Mason	
CANADA	Shot Canada	29:00	29:05	29:13	Worlds Placement 2026 M	Mason	3	Opponent Save	4	Player 9	
CANADA	Shot Opponent	29:09	29:14	29:20	Worlds Placement 2026 M	Player 9	5	Canada Ball Control Save	3	Mason	
CANADA	Shot Canada	29:15	29:20	29:30	Worlds Placement 2026 M	Mason	3	Opponent Save	4	Player 3	
CANADA	Shot Opponent	29:26	29:31	29:45	Worlds Placement 2026 M	Player 2	2	Canada Ball Control Save	4	Blair	
CANADA	Shot Canada	29:40	29:45	29:56	Worlds Placement 2026 M	Blair	5	Opponent Save	2	Player 2	
CANADA	Shot Opponent	29:51	29:56	30:09	Worlds Placement 2026 M	Player 9	5	Canada Ball Control Save	2	Nick	
CANADA	Shot Canada	30:04	30:09	30:18	Worlds Placement 2026 M	Nick	1	Opponent Save	1.5	Player 2	
CANADA	Shot Opponent	30:13	30:18	30:24	Worlds Placement 2026 M	Player 2	2	Canada Ball Control Save	3	Mason	
CANADA	Shot Canada	30:20	30:25	30:32	Worlds Placement 2026 M	Mason	4	Opponent Save	4.5	Player 9	
CANADA	Shot Opponent	30:28	30:33	30:41	Worlds Placement 2026 M	Player 9	5	Canada Ball Control Save	4	Blair	
CANADA	Shot Canada	30:37	30:42	30:50	Worlds Placement 2026 M	Blair	5	Opponent Save	2	Player 2	
CANADA	Shot Opponent	30:46	30:51	30:58	Worlds Placement 2026 M	Player 2	2	Canada Ball Control Save	5	Blair	
CANADA	Shot Canada	30:53	30:58	31:08	Worlds Placement 2026 M	Blair	4	Opponent Save	4	Player 9	
CANADA	Shot Opponent	31:04	31:09	31:16	Worlds Placement 2026 M	Player 9	5	Canada Ball Control Save	5	Nick	
CANADA	Shot Canada	31:12	31:17	31:29	Worlds Placement 2026 M	Nick	1	Canada Out	0		
CANADA	Shot Opponent	31:25	31:30	31:55	Worlds Placement 2026 M	Player 2	2	Opponent Out	6		
CANADA	Shot Canada	31:50	31:55	32:02	Worlds Placement 2026 M	Mason	5	Long Ball			
CANADA	Penalty Shot Opponent	32:09	32:14	32:30	Worlds Placement 2026 M	Player 9	5	Goal Opponent	4	Mason	
CANADA	Shot Canada	32:36	32:41	32:56	Worlds Placement 2026 M	Blair	1	Opponent Save	5	Player 9	
CANADA	Shot Opponent	32:52	32:57	33:10	Worlds Placement 2026 M	Player 2	2	Opponent Out	6		
CANADA	Shot Canada	33:06	33:11	33:20	Worlds Placement 2026 M	Mason	5	Opponent Save	3	Player 3	
CANADA	Shot Opponent	33:15	33:20	33:27	Worlds Placement 2026 M	Player 3	3	Canada Save	2.5	Mason	
CANADA	Shot Canada	33:22	33:27	33:35	Worlds Placement 2026 M	Nick	1	Opponent Save	1.5	Player 2	
CANADA	Shot Opponent	33:31	33:36	33:48	Worlds Placement 2026 M	Player 9	4	Canada Ball Control Save	3.5	Mason	
CANADA	Shot Canada	34:36	34:41	34:53	Worlds Placement 2026 M	Blair	5	Opponent Save	1	Player 2	
CANADA	Shot Opponent	34:49	34:54	35:02	Worlds Placement 2026 M	Player 2	1	Canada Ball Control Save	3	Mason	
CANADA	Shot Canada	34:58	35:03	35:08	Worlds Placement 2026 M	Mason	3	Opponent Save	3	Player 3	
CANADA	Shot Opponent	35:01	35:06	35:14	Worlds Placement 2026 M	Player 3	3	Canada Save	3	Mason	
CANADA	Shot Canada	35:10	35:15	35:21	Worlds Placement 2026 M	Mason	2	Opponent Save	4	Player 9	
CANADA	Shot Opponent	35:17	35:22	35:30	Worlds Placement 2026 M	Player 9	5	Canada Ball Control Save	2.5	Mason	
CANADA	Shot Canada	35:26	35:31	35:37	Worlds Placement 2026 M	Mason	4	Opponent Save	4	Player 9	
CANADA	Shot Opponent	35:33	35:38	35:52	Worlds Placement 2026 M	Player 3	3	Goal Opponent	1	Nick	
CANADA	Shot Canada	35:51	35:56	36:12	Worlds Placement 2026 M	Blair	5	Opponent Save	2	Player 2	
CANADA	Shot Opponent	36:07	36:12	36:18	Worlds Placement 2026 M	Player 9	5	Canada Ball Control Save	2.5	Mason	
CANADA	Shot Canada	36:14	36:19	36:24	Worlds Placement 2026 M	Mason	3	Opponent Save	2	Player 2	
CANADA	Shot Opponent	36:19	36:24	36:32	Worlds Placement 2026 M	Player 2	1	Canada Ball Control Save	4	Blair	
CANADA	Shot Canada	36:27	36:32	36:40	Worlds Placement 2026 M	Blair	5	Opponent Save	2	Player 2	
CANADA	Shot Opponent	36:35	36:40	36:47	Worlds Placement 2026 M	Player 9	5	Canada Ball Control Save	2.5	Mason	
CANADA	Shot Canada	36:43	36:48	36:53	Worlds Placement 2026 M	Mason	3	Opponent Save	2.5	Player 3	
CANADA	Shot Opponent	36:46	36:51	36:56	Worlds Placement 2026 M	Player 3	3	Canada Ball Control Save	3	Mason	
CANADA	Shot Canada	36:52	36:57	37:03	Worlds Placement 2026 M	Mason	3	Opponent Save	4.5	Player 9	
CANADA	Shot Opponent	36:59	37:04	37:11	Worlds Placement 2026 M	Player 2	2	Canada Ball Control Save	5	Blair	
CANADA	Shot Canada	37:07	37:12	37:20	Worlds Placement 2026 M	Blair	2	Opponent Save	3	Player 3	
CANADA	Shot Opponent	37:15	37:20	37:29	Worlds Placement 2026 M	Player 9	4	Canada Ball Control Save	3	Mason	
CANADA	Shot Canada	37:25	37:30	37:40	Worlds Placement 2026 M	Blair	5	Opponent Save	2	Player 3	
CANADA	Shot Opponent	37:36	37:41	37:50	Worlds Placement 2026 M	Player 2	1	Canada Ball Control Save	2.5	Mason	
CANADA	Shot Canada	37:46	37:51	37:56	Worlds Placement 2026 M	Mason	3	Opponent Save	2	Player 2	
CANADA	Shot Opponent	37:49	37:54	38:02	Worlds Placement 2026 M	Player 9	4	Canada Save	4	Blair	
CANADA	Shot Canada	38:48	38:53	39:00	Worlds Placement 2026 M	Nick	2	Opponent Save	1	Player 2	
CANADA	Shot Opponent	38:56	39:01	39:26	Worlds Placement 2026 M	Player 2	1	Canada Ball Control Save	3.5	Mason	
CANADA	Shot Canada	39:21	39:26	39:32	Worlds Placement 2026 M	Mason	5	Opponent Save	2	Player 2	
CANADA	Shot Opponent	39:28	39:33	39:42	Worlds Placement 2026 M	Player 9	5	Canada Ball Control Save	4.5	Blair	
CANADA	Shot Canada	39:37	39:42	39:51	Worlds Placement 2026 M	Blair	5	Opponent Save	1	Player 2	
CANADA	Shot Opponent	39:46	39:51	40:26	Worlds Placement 2026 M	Player 9	5	Canada Ball Control Save	1.5	Nick	
CANADA	Shot Canada	40:21	40:26	40:31	Worlds Placement 2026 M	Nick	1	Opponent Save	4.5	Player 9	
CANADA	Shot Opponent	40:25	40:30	40:40	Worlds Placement 2026 M	Player 3	3	Canada Save	4	Blair	
CANADA	Shot Canada	40:35	40:40	40:46	Worlds Placement 2026 M	Nick	2	Opponent Save	1.5	Player 2	
CANADA	Shot Opponent	40:42	40:47	40:58	Worlds Placement 2026 M	Player 2	2	Canada Ball Control Save	5	Blair	
CANADA	Shot Canada	40:54	40:59	41:08	Worlds Placement 2026 M	Blair	4	Opponent Save	3	Player 3	
CANADA	Shot Opponent	41:04	41:09	41:18	Worlds Placement 2026 M	Player 9	4	Canada Ball Control Save	4	Blair	
CANADA	Shot Canada	41:14	41:19	41:29	Worlds Placement 2026 M	Blair	5	Opponent Save	1.5	Player 2	
CANADA	Shot Opponent	41:24	41:29	41:37	Worlds Placement 2026 M	Player 2	1	Canada Ball Control Save	4	Mason	
CANADA	Shot Canada	41:32	41:37	41:42	Worlds Placement 2026 M	Mason	3	Opponent Save	3.5	Player 3	Ball Over
CANADA	Shot Canada	41:40	41:45	41:57	Worlds Placement 2026 M	Nick	2	Canada Out	0		
CANADA	Shot Opponent	41:55	42:00	42:16	Worlds Placement 2026 M	Player 9	4	Opponent Out	6		
CANADA	Shot Canada	42:12	42:17	42:23	Worlds Placement 2026 M	Blair	5	Canada Out	0		
CANADA	Shot Opponent	42:19	42:24	42:39	Worlds Placement 2026 M	Player 2	2	Canada Ball Control Save	4	Blair	
CANADA	Shot Canada	42:34	42:39	42:44	Worlds Placement 2026 M	Blair	4	Canada Out	0		
CANADA	Shot Opponent	42:51	42:56	43:06	Worlds Placement 2026 M	Player 3	3	Canada Ball Control Save	4.5	Blair	
CANADA	Shot Canada	43:46	43:51	44:02	Worlds Placement 2026 M	Blair	5	Opponent Save	1	Player 1	
CANADA	Shot Opponent	44:12	44:17	44:28	Worlds Placement 2026 M	Player 9	4	Canada Ball Control Save	1.5	Nick	
CANADA	Shot Canada	44:24	44:29	44:36	Worlds Placement 2026 M	Mason	3	Opponent Save	3.5	Player 3	
CANADA	Shot Opponent	44:31	44:36	44:48	Worlds Placement 2026 M	Player 2	2	Canada Ball Control Save	5	Blair	
CANADA	Shot Canada	44:44	44:49	44:57	Worlds Placement 2026 M	Blair	5	Opponent Save	1	Player 2	
CANADA	Shot Opponent	44:52	44:57	45:10	Worlds Placement 2026 M	Player 9	5	Canada Ball Control Save	5	Blair	
CANADA	Shot Canada	45:06	45:11	45:18	Worlds Placement 2026 M	Mason	4	Opponent Save	3	Player 3	
CANADA	Shot Opponent	45:13	45:18	45:28	Worlds Placement 2026 M	Player 3	3	Canada Save	2	Mason	
CANADA	Shot Canada	45:24	45:29	45:35	Worlds Placement 2026 M	Nick	2	Opponent Save	2.5	Player 3	
CANADA	Shot Opponent	45:40	45:45	45:54	Worlds Placement 2026 M	Player 9	5	Canada Ball Control Save	3	Mason	
CANADA	Shot Canada	45:50	45:55	46:04	Worlds Placement 2026 M	Blair	5	Opponent Save	2	Player 2	
CANADA	Shot Opponent	45:59	46:04	46:16	Worlds Placement 2026 M	Player 2	2	Canada Ball Control Save	2	Nick	
CANADA	Shot Canada	46:43	46:48	47:08	Worlds Placement 2026 M	Nick	1	Opponent Save	2	Player 2	
CANADA	Shot Opponent	47:08	47:13	47:26	Worlds Placement 2026 M	Player 2	2	Canada Ball Control Save	2	Nick	
CANADA	Shot Canada	47:22	47:27	47:36	Worlds Placement 2026 M	Nick	2	Other Penalty			
CANADA	Penalty Shot Opponent	47:44	47:49	48:06	Worlds Placement 2026 M	Player 9	5	Goal Opponent	1	Nick	
CANADA	Shot Canada	48:09	48:14	48:20	Worlds Placement 2026 M	Mason	1	Opponent Save	4.5	Player 9	
CANADA	Shot Opponent	48:16	48:21	48:27	Worlds Placement 2026 M	Player 2	2	Canada Ball Control Save	3	Mason	
CANADA	Shot Canada	48:22	48:27	48:34	Worlds Placement 2026 M	Mason	3	Opponent Save	2	Player 2	
CANADA	Shot Opponent	48:29	48:34	48:39	Worlds Placement 2026 M	Player 9	4	Canada Ball Control Save	3	Mason	
CANADA	Shot Canada	48:35	48:40	48:45	Worlds Placement 2026 M	Mason	3	Opponent Save	3	Player 3	
CANADA	Shot Opponent	48:41	48:46	49:28	Worlds Placement 2026 M	Player 2	2	Canada Ball Control Save	4	Nick	
CANADA	Shot Canada	49:24	49:29	50:12	Worlds Placement 2026 M	Blair	5	Opponent Save	2	Player 2	
CANADA	Shot Opponent	50:08	50:13	50:22	Worlds Placement 2026 M	Player 9	5	Canada Ball Control Save	2.5	Mason	
CANADA	Shot Canada	50:17	50:22	50:27	Worlds Placement 2026 M	Mason	3	Opponent Save	1.5	Player 2	
CANADA	Shot Opponent	50:21	50:26	50:34	Worlds Placement 2026 M	Player 2	2	Canada Ball Control Save	3	Mason	
CANADA	Shot Canada	50:29	50:34	50:39	Worlds Placement 2026 M	Mason	3	Opponent Save	1	Player 2	
CANADA	Shot Opponent	50:33	50:38	51:18	Worlds Placement 2026 M	Player 7	5	Canada Save			
CANADA	Shot Canada	51:46	51:51	52:01	Worlds Placement 2026 M	Mason	2	Long Ball			
CANADA	Penalty Shot Opponent	52:42	52:47	53:30	Worlds Placement 2026 M	Player 1	2	Canada Ball Control Save	4	Mason	
CANADA	Shot Canada	53:28	53:33	53:44	Worlds Placement 2026 M	Mason	1	Goal Canada	5	Player 7	
CANADA	Shot Opponent	53:45	53:50	54:02	Worlds Placement 2026 M	Player 7	5	Canada Save	4	Blair	
CANADA	Shot Canada	53:58	54:03	54:11	Worlds Placement 2026 M	Blair	5	Opponent Save	3.5	Player 8	
CANADA	Shot Opponent	54:13	54:18	54:27	Worlds Placement 2026 M	Player 1	1	Canada Ball Control Save	5	Blair	
CANADA	T-END	54:40	54:40	54:40	Worlds Placement 2026 M						
CANADA	@@@P1	00:00	00:00	00:00	Worlds Preliminary 2026 M						
CANADA	T-START	00:00	00:00	00:00	Worlds Preliminary 2026 M						
CANADA	Shot Canada	00:44	00:49	01:07	Worlds Preliminary 2026 M	Harry	1	Goal Canada	4	Player 9	
CANADA	Shot Opponent	01:04	01:09	01:23	Worlds Preliminary 2026 M	Player 9	5	Canada Save	4	Nick	
CANADA	Shot Canada	01:18	01:23	01:28	Worlds Preliminary 2026 M	Nick	5	Canada Out	0		
CANADA	Shot Opponent	01:25	01:30	01:46	Worlds Preliminary 2026 M	Player 2	1	Goal Opponent	4	Nick	
CANADA	Shot Canada	01:46	01:51	02:03	Worlds Preliminary 2026 M	Harry	2	Opponent Save	3.5	Player 3	
CANADA	Shot Opponent	02:00	02:05	02:11	Worlds Preliminary 2026 M	Player 2	2	Canada Save	3.5	Mason	
CANADA	Shot Canada	02:09	02:14	02:24	Worlds Preliminary 2026 M	Nick	5	Opponent Save	3	Player 3	
CANADA	Shot Opponent	02:19	02:24	02:33	Worlds Preliminary 2026 M	Player 3	3	Canada Ball Control Save	4	Nick	
CANADA	Shot Canada	02:29	02:34	02:43	Worlds Preliminary 2026 M	Harry	1	Opponent Save	2.5	Player 3	
CANADA	Shot Opponent	02:41	02:46	03:03	Worlds Preliminary 2026 M	Player 9	4	Canada Ball Control Save	3	Mason	
CANADA	Shot Canada	02:58	03:03	03:11	Worlds Preliminary 2026 M	Harry	2	Opponent Save	3.5	Player 3	
CANADA	Shot Opponent	03:07	03:12	03:21	Worlds Preliminary 2026 M	Player 9	4	Canada Ball Control Save	1.5	Harry	
CANADA	Shot Canada	03:17	03:22	03:27	Worlds Preliminary 2026 M	Harry	4	Long Ball			
CANADA	Penalty Shot Opponent	03:35	03:40	03:54	Worlds Preliminary 2026 M	Player 9	5	Opponent Out	0		
CANADA	Shot Canada	03:51	03:56	04:57	Worlds Preliminary 2026 M	Nick	2	Opponent Save	3.5	Player 3	
CANADA	Shot Opponent	04:53	04:58	05:07	Worlds Preliminary 2026 M	Player 9	5	Canada Ball Control Save	2.5	Mason	
CANADA	Shot Canada	05:02	05:07	05:14	Worlds Preliminary 2026 M	Mason	3	Opponent Save	4	Player 9	
CANADA	Shot Opponent	05:11	05:16	05:21	Worlds Preliminary 2026 M	Player 3	3	Canada Ball Control Save	3	Mason	
CANADA	Shot Canada	05:17	05:22	05:27	Worlds Preliminary 2026 M	Mason	3	Canada Out			
CANADA	Shot Opponent	05:29	05:34	05:41	Worlds Preliminary 2026 M	Player 2	1	Canada Ball Control Save	3	Mason	
CANADA	Shot Canada	05:37	05:42	05:50	Worlds Preliminary 2026 M	Mason	3	Goal Canada	2	Player 2	
CANADA	Shot Opponent	05:46	05:51	06:03	Worlds Preliminary 2026 M	Player 9	5	Canada Save	2	Mason	
CANADA	Shot Canada	05:58	06:03	06:11	Worlds Preliminary 2026 M	Harry	2	Opponent Save	4	Player 3	
CANADA	Shot Canada	06:10	06:15	06:20	Worlds Preliminary 2026 M						
CANADA	Shot Opponent	06:22	06:27	06:38	Worlds Preliminary 2026 M	Player 9	5	Canada Ball Control Save	4.5	Nick	
CANADA	Shot Canada	06:33	06:38	06:43	Worlds Preliminary 2026 M	Nick	4	Opponent Save	2	Player 2	
CANADA	Shot Opponent	06:37	06:42	06:52	Worlds Preliminary 2026 M	Player 2	1	Canada Save	5	Nick	
CANADA	Shot Canada	06:48	06:53	06:59	Worlds Preliminary 2026 M	Nick	2	Opponent Save	4.5	Player 9	
CANADA	Shot Opponent	06:55	07:00	07:08	Worlds Preliminary 2026 M	Player 9	5	Canada Ball Control Save	3	Mason	
CANADA	Shot Canada	07:04	07:09	07:17	Worlds Preliminary 2026 M	Nick	5	Opponent Save	5	Player 9	
CANADA	Shot Opponent	07:38	07:43	07:52	Worlds Preliminary 2026 M	Player 2	2	Canada Ball Control Save	1	Harry	
CANADA	Shot Canada	07:47	07:52	08:05	Worlds Preliminary 2026 M	Harry	2	Opponent Save	4	Player 3	Ball Over
CANADA	Shot Canada	08:01	08:06	08:21	Worlds Preliminary 2026 M	Harry	2	Opponent Save	4	Player 3	
CANADA	Shot Opponent	08:20	08:25	08:35	Worlds Preliminary 2026 M	Player 9	5	Opponent Out			
CANADA	Shot Canada	08:36	08:41	08:52	Worlds Preliminary 2026 M	Nick	5	Opponent Save	1.5	Player 2	
CANADA	Shot Opponent	08:47	08:52	09:00	Worlds Preliminary 2026 M	Player 2	2	Canada Ball Control Save	4.5	Nick	
CANADA	Shot Canada	08:56	09:01	09:12	Worlds Preliminary 2026 M	Harry	5	Opponent Save	2	Player 2	
CANADA	Shot Opponent	09:08	09:13	09:28	Worlds Preliminary 2026 M	Player 9	4	Goal Opponent	3.5	Mason	
CANADA	Shot Canada	09:41	09:46	09:51	Worlds Preliminary 2026 M	Harry	2	Opponent Save	3.5	Player 3	
CANADA	Shot Opponent	09:45	09:50	09:58	Worlds Preliminary 2026 M	Player 3	3	Canada Ball Control Save	3.5	Mason	
CANADA	Shot Canada	09:53	09:58	10:05	Worlds Preliminary 2026 M	Mason	3	Opponent Save	4	Player 9	
CANADA	Shot Opponent	10:00	10:05	10:11	Worlds Preliminary 2026 M	Player 9	4	Canada Ball Control Save	3.5	Mason	
CANADA	Shot Canada	10:06	10:11	10:17	Worlds Preliminary 2026 M	Mason	4	Opponent Save	3.5	Player 3	
CANADA	Shot Opponent	10:12	10:17	10:29	Worlds Preliminary 2026 M	Player 2	2	Canada Ball Control Save	2	Harry	Canada Save
CANADA	Shot Canada	10:25	10:30	10:36	Worlds Preliminary 2026 M	Harry	5	Opponent Save	4.5	Player 9	
CANADA	Shot Opponent	10:31	10:36	10:53	Worlds Preliminary 2026 M	Player 9	2	Goal Opponent	5	Nick	
CANADA	Shot Canada	10:48	10:53	11:03	Worlds Preliminary 2026 M	Harry	3	Canada Out	0		
CANADA	Shot Opponent	11:02	11:07	11:18	Worlds Preliminary 2026 M	Player 2	1	Canada Ball Control Save	3.5	Mason	
CANADA	Shot Canada	11:13	11:18	11:23	Worlds Preliminary 2026 M	Mason	3	Opponent Save	2	Player 2	
CANADA	Shot Opponent	11:18	11:23	11:33	Worlds Preliminary 2026 M	Player 9	5	Canada Ball Control Save	3.5	Mason	
CANADA	Shot Canada	11:29	11:34	11:41	Worlds Preliminary 2026 M	Mason	4	Opponent Save	3.5	Player 3	Ball Over
CANADA	Shot Canada	11:38	11:43	11:59	Worlds Preliminary 2026 M	Harry	1	Opponent Save	4.5	Player 9	
CANADA	Shot Opponent	11:55	12:00	12:07	Worlds Preliminary 2026 M	Player 9	5	Opponent Out	6		
CANADA	Shot Canada	12:04	12:09	12:20	Worlds Preliminary 2026 M	Nick	5	Opponent Save	3	Player 3	
CANADA	Shot Opponent	12:16	12:21	12:26	Worlds Preliminary 2026 M	Player 3	3	Canada Ball Control Save	5	Nick	
CANADA	Shot Canada	12:20	12:25	12:30	Worlds Preliminary 2026 M	Nick	5	Opponent Save	2	Player 3	
CANADA	Shot Opponent	13:13	13:18	13:26	Worlds Preliminary 2026 M	Player 2	2	Canada Ball Control Save	4	Nick	
CANADA	Shot Canada	14:02	14:07	14:25	Worlds Preliminary 2026 M	Nick	5	Opponent Save	2.5	Player 3	
CANADA	Shot Opponent	14:21	14:26	14:39	Worlds Preliminary 2026 M	Player 2	1	Canada Ball Control Save	3	Mason	
CANADA	Shot Canada	14:35	14:40	14:48	Worlds Preliminary 2026 M	Mason	5	Opponent Save	2	Player 3	
CANADA	Shot Opponent	14:44	14:49	14:55	Worlds Preliminary 2026 M	Player 3	3	Canada Ball Control Save	1.5	Harry	
CANADA	Shot Canada	14:50	14:55	15:03	Worlds Preliminary 2026 M	Harry	3	Opponent Save	2	Player 3	
CANADA	Shot Opponent	14:58	15:03	15:14	Worlds Preliminary 2026 M	Player 2	2	Opponent Out	6		
CANADA	Shot Canada	15:15	15:20	15:29	Worlds Preliminary 2026 M	Nick	5	Opponent Save	1	Player 2	
CANADA	Shot Opponent	15:25	15:30	15:36	Worlds Preliminary 2026 M	Player 9	4	Canada Ball Control Save	1	Harry	
CANADA	Shot Canada	15:31	15:36	15:45	Worlds Preliminary 2026 M	Harry	1	Opponent Save	3	Player 3	
CANADA	Shot Opponent	15:41	15:46	15:52	Worlds Preliminary 2026 M	Player 3	3	Canada Ball Control Save	3	Mason	
CANADA	Shot Canada	15:47	15:52	15:58	Worlds Preliminary 2026 M	Mason	3	Opponent Save	2.5	Player 3	
CANADA	Shot Opponent	15:53	15:58	16:05	Worlds Preliminary 2026 M	Player 2	2	Canada Ball Control Save	2	Harry	
CANADA	Shot Canada	16:00	16:05	16:16	Worlds Preliminary 2026 M	Harry	4	Goal Canada	1	Player 2	
CANADA	Shot Opponent	16:16	16:21	16:29	Worlds Preliminary 2026 M	Player 9	2	Canada Ball Control Save	5	Nick	
CANADA	Shot Canada	16:24	16:29	16:37	Worlds Preliminary 2026 M	Nick	4	Opponent Save	3.5	Player 3	
CANADA	Shot Opponent	16:32	16:37	16:45	Worlds Preliminary 2026 M	Player 3	3	Canada Save	2.5	Mason	
CANADA	Shot Canada	17:28	17:33	17:41	Worlds Preliminary 2026 M	Blair	4	Opponent Save	2	Player 3	
CANADA	Shot Opponent	17:36	17:41	17:58	Worlds Preliminary 2026 M	Player 2	1	Canada Ball Control Save	4	Blair	
CANADA	Shot Canada	17:54	17:59	18:06	Worlds Preliminary 2026 M	Blair	2	Opponent Save	4.5	Player 9	
CANADA	Shot Opponent	18:02	18:07	18:23	Worlds Preliminary 2026 M	Player 9	5	Canada Ball Control Save	2	Blair	
CANADA	Shot Canada	18:19	18:24	18:33	Worlds Preliminary 2026 M	Harry	2	Opponent Save	2	Player 2	
CANADA	Shot Opponent	18:28	18:33	18:43	Worlds Preliminary 2026 M	Player 2	3	Canada Ball Control Save	2	Harry	
CANADA	Shot Canada	18:39	18:44	18:50	Worlds Preliminary 2026 M	Harry	2	Opponent Save	2	Player 2	
CANADA	Shot Opponent	18:46	18:51	18:56	Worlds Preliminary 2026 M	Player 9	4	Canada Ball Control Save	3	Mason	
CANADA	Shot Canada	18:52	18:57	19:05	Worlds Preliminary 2026 M	Blair	3	Opponent Save	1.5	Player 2	
CANADA	Shot Opponent	19:44	19:49	20:01	Worlds Preliminary 2026 M	Player 2	1	Canada Ball Control Save	3	Mason	
CANADA	Shot Canada	19:57	20:02	20:08	Worlds Preliminary 2026 M	Mason	3	Opponent Save	3	Player 3	
CANADA	Shot Opponent	20:05	20:10	20:21	Worlds Preliminary 2026 M	Player 2	2	Opponent Out	0		
CANADA	Shot Canada	20:16	20:21	20:31	Worlds Preliminary 2026 M	Harry	4	Opponent Save	3	Player 3	
CANADA	Shot Opponent	20:27	20:32	20:41	Worlds Preliminary 2026 M	Player 9	2	Canada Ball Control Save	5	Blair	
CANADA	Shot Canada	20:38	20:43	20:49	Worlds Preliminary 2026 M	Blair	5	Opponent Save	2	Player 2	
CANADA	Shot Opponent	20:45	20:50	20:59	Worlds Preliminary 2026 M	Player 3	3	Canada Save	4	Blair	
CANADA	Shot Canada	20:55	21:00	21:06	Worlds Preliminary 2026 M	Blair	2	Canada Out	6		
CANADA	Shot Opponent	21:02	21:07	21:25	Worlds Preliminary 2026 M	Player 9	5	Goal Opponent	1	Harry	
CANADA	Shot Canada	21:27	21:32	21:52	Worlds Preliminary 2026 M	Harry	1	Canada Out	0		
CANADA	Shot Opponent	21:47	21:52	21:59	Worlds Preliminary 2026 M	Player 2	1	Canada Ball Control Save	3	Mason	
CANADA	Shot Canada	21:55	22:00	22:07	Worlds Preliminary 2026 M	Mason	3.5	Opponent Save	3	Player 3	
CANADA	Shot Opponent	22:04	22:09	22:14	Worlds Preliminary 2026 M	Player 3	3	Canada Ball Control Save	3	Mason	
CANADA	Shot Canada	22:07	22:12	22:17	Worlds Preliminary 2026 M	Mason	3	Opponent Save	3	Player 3	
CANADA	Shot Opponent	22:12	22:17	22:22	Worlds Preliminary 2026 M	Player 3	3	Canada Ball Control Save	3	Mason	
CANADA	Shot Canada	22:15	22:20	22:32	Worlds Preliminary 2026 M	Blair	5	Opponent Save	3.5	Player 9	
CANADA	Shot Opponent	22:28	22:33	22:45	Worlds Preliminary 2026 M	Player 9	5	Canada Ball Control Save	2	Mason	
CANADA	Shot Canada	22:45	22:50	22:57	Worlds Preliminary 2026 M	Harry	5	Long Ball			
CANADA	Penalty Shot Opponent	23:15	23:20	23:28	Worlds Preliminary 2026 M	Player 9	5	Goal Opponent	5	Harry	
CANADA	Shot Canada	23:34	23:39	23:45	Worlds Preliminary 2026 M	Blair	5	Goal Canada	2	Player 2	
CANADA	Shot Opponent	23:48	23:53	24:10	Worlds Preliminary 2026 M	Player 2	2	Canada Ball Control Save	2	Harry	
CANADA	T-END	24:24	24:24	24:24	Worlds Preliminary 2026 M						
CANADA	@@@P2	29:16	29:16	29:16	Worlds Preliminary 2026 M						
CANADA	T-START	29:16	29:16	29:16	Worlds Preliminary 2026 M						
CANADA	Shot Opponent	29:52	29:57	30:11	Worlds Preliminary 2026 M	Player 9	3	Canada Ball Control Save	5	Blair	
CANADA	Shot Canada	30:07	30:12	30:17	Worlds Preliminary 2026 M	Blair	5	Long Ball			
CANADA	Penalty Shot Opponent	30:48	30:53	31:07	Worlds Preliminary 2026 M	Player 9	5	Canada Ball Control Save	4	Blair	
CANADA	Shot Canada	31:03	31:08	31:26	Worlds Preliminary 2026 M	Harry	1	Opponent Save	3	Player 3	
CANADA	Shot Opponent	31:21	31:26	31:34	Worlds Preliminary 2026 M	Player 2	2	Canada Ball Control Save	2	Harry	
CANADA	Shot Canada	31:29	31:34	31:39	Worlds Preliminary 2026 M	Harry	4	Long Ball			
CANADA	Penalty Shot Opponent	32:04	32:09	32:24	Worlds Preliminary 2026 M	Player 9	5	Canada Ball Control Save	1	Harry	
CANADA	Shot Canada	32:26	32:31	32:43	Worlds Preliminary 2026 M	Blair	5	Opponent Save	2	Player 3	
CANADA	Shot Opponent	32:38	32:43	32:54	Worlds Preliminary 2026 M	Player 3	3	Canada Ball Control Save	4	Mason	
CANADA	Shot Canada	32:49	32:54	33:02	Worlds Preliminary 2026 M	Blair	2	Opponent Save	4	Player 9	
CANADA	Shot Opponent	32:58	33:03	33:09	Worlds Preliminary 2026 M	Player 9	5	Canada Ball Control Save	3.5	Mason	
CANADA	Shot Canada	33:05	33:10	33:15	Worlds Preliminary 2026 M	Mason	3	Opponent Save	3	Player 3	
CANADA	Shot Opponent	33:10	33:15	33:27	Worlds Preliminary 2026 M	Player 3	3	Canada Ball Control Save	3	Mason	
CANADA	Shot Canada	33:22	33:27	33:32	Worlds Preliminary 2026 M	Mason	3	Goal Canada	4	Player 3	
CANADA	Shot Opponent	33:28	33:33	33:58	Worlds Preliminary 2026 M	Player 2	2	Canada Ball Control Save	2.5	Mason	
CANADA	Shot Canada	33:54	33:59	34:07	Worlds Preliminary 2026 M	Harry	2	Opponent Save	4.5	Player 9	
CANADA	Shot Opponent	34:04	34:09	34:15	Worlds Preliminary 2026 M	Player 9	2	Canada Ball Control Save	5	Blair	
CANADA	Shot Canada	34:11	34:16	34:23	Worlds Preliminary 2026 M	Blair	5	Opponent Save	5	Player 9	
CANADA	Shot Opponent	34:20	34:25	34:38	Worlds Preliminary 2026 M	Player 2	3	Canada Ball Control Save	2.5	Mason	
CANADA	Shot Canada	34:34	34:39	34:44	Worlds Preliminary 2026 M	Mason	3	Opponent Save	1	Player 2	
CANADA	Shot Opponent	34:38	34:43	34:57	Worlds Preliminary 2026 M	Player 9	5	Canada Ball Control Save	1.5	Harry	
CANADA	Shot Canada	34:52	34:57	35:06	Worlds Preliminary 2026 M	Harry	2	Opponent Save	2	Player 2	
CANADA	Shot Opponent	35:02	35:07	35:13	Worlds Preliminary 2026 M	Player 2	2	Canada Ball Control Save	4	Blair	
CANADA	Shot Canada	35:08	35:13	35:20	Worlds Preliminary 2026 M	Blair	4	Opponent Save	2	Player 2	
CANADA	Shot Opponent	35:16	35:21	35:29	Worlds Preliminary 2026 M	Player 3	3	Canada Save	2.5	Mason	
CANADA	Shot Canada	35:24	35:29	35:36	Worlds Preliminary 2026 M	Harry	1	Opponent Save	3	Player 3	
CANADA	Shot Opponent	35:33	35:38	35:47	Worlds Preliminary 2026 M	Player 2	3	Opponent Out	0		
CANADA	Shot Canada	35:46	35:51	36:08	Worlds Preliminary 2026 M	Blair	4	Canada Out	6		
CANADA	Shot Opponent	36:04	36:09	36:29	Worlds Preliminary 2026 M	Player 9	5	Canada Ball Control Save	2.5	Mason	
CANADA	Shot Canada	36:25	36:30	36:38	Worlds Preliminary 2026 M	Mason	3	Canada Out	6		
CANADA	Shot Opponent	36:41	36:46	37:09	Worlds Preliminary 2026 M	Player 2	2	Canada Ball Control Save	4	Blair	
CANADA	Shot Canada	37:04	37:09	37:26	Worlds Preliminary 2026 M	Blair	5	Opponent Save	2.5	Player 3	
CANADA	Shot Opponent	39:29	39:34	40:20	Worlds Preliminary 2026 M	Player 9	4	Canada Ball Control Save	3	Mason	
CANADA	Shot Canada	40:16	40:21	40:30	Worlds Preliminary 2026 M	Harry	1	Opponent Save	3	Player 8	
CANADA	Shot Opponent	40:26	40:31	40:42	Worlds Preliminary 2026 M	Player 2	1	Opponent Out	0		
CANADA	Shot Canada	40:42	40:47	41:05	Worlds Preliminary 2026 M	Blair	5	Opponent Save	3	Player 8	
CANADA	Shot Opponent	41:00	41:05	41:13	Worlds Preliminary 2026 M	Player 9	5	Canada Ball Control Save	2.5	Mason	
CANADA	Shot Canada	41:09	41:14	41:21	Worlds Preliminary 2026 M	Mason	3	Opponent Save	3.5	Player 8	
CANADA	Shot Opponent	41:16	41:21	41:30	Worlds Preliminary 2026 M	Player 2	2	Canada Save	2	Harry	
CANADA	Shot Canada	41:25	41:30	41:37	Worlds Preliminary 2026 M	Harry	2	Opponent Save	1.5	Player 2	
CANADA	Shot Opponent	41:33	41:38	41:49	Worlds Preliminary 2026 M	Player 9	5	Canada Ball Control Save	1	Harry	
CANADA	Shot Canada	41:45	41:50	42:18	Worlds Preliminary 2026 M	Blair	5	Opponent Save	1.5	Player 2	
CANADA	Shot Opponent	42:46	42:51	42:56	Worlds Preliminary 2026 M	Player 2	2	Canada Ball Control Save	3.5	Mason	
CANADA	Shot Canada	42:52	42:57	43:06	Worlds Preliminary 2026 M	Blair	5	Opponent Save	3.5	Player 3	
CANADA	Shot Opponent	43:01	43:06	43:12	Worlds Preliminary 2026 M	Player 3	3	Canada Ball Control Save	3	Mason	
CANADA	Shot Canada	43:08	43:13	43:21	Worlds Preliminary 2026 M	Mason	3	Opponent Save	2	Player 3	
CANADA	Shot Opponent	43:17	43:22	43:47	Worlds Preliminary 2026 M	Player 2	2	Canada Ball Control Save	4	Blair	
CANADA	Shot Canada	43:42	43:47	43:56	Worlds Preliminary 2026 M	Blair	5	Opponent Save	3	Player 3	
CANADA	Shot Opponent	43:54	43:59	44:04	Worlds Preliminary 2026 M	Player 3	3	Canada Ball Control Save	4	Blair	
CANADA	Shot Canada	44:00	44:05	44:16	Worlds Preliminary 2026 M	Harry	1	Opponent Save	3.5	Player 3	
CANADA	Shot Opponent	44:12	44:17	44:24	Worlds Preliminary 2026 M	Player 2	2	Canada Ball Control Save	4	Blair	
CANADA	Shot Canada	44:20	44:25	44:31	Worlds Preliminary 2026 M	Mason	3	Opponent Save	2.5	Player 3	
CANADA	Shot Opponent	45:07	45:12	45:29	Worlds Preliminary 2026 M	Player 9	5	Canada Save	2.5	Mason	
CANADA	Shot Canada	45:24	45:29	45:37	Worlds Preliminary 2026 M	Harry	1	Opponent Save	3	Player 3	
CANADA	Shot Opponent	45:32	45:37	45:45	Worlds Preliminary 2026 M	Player 2	2	Canada Ball Control Save	4	Harry	
CANADA	Shot Canada	45:40	45:45	45:52	Worlds Preliminary 2026 M	Harry	2	Opponent Save	3.5	Player 3	
CANADA	Shot Opponent	45:49	45:54	46:05	Worlds Preliminary 2026 M	Player 9	2	Canada Save	4	Blair	
CANADA	Shot Canada	46:01	46:06	46:16	Worlds Preliminary 2026 M	Mason	3	Opponent Save	4	Player 9	
CANADA	Shot Opponent	46:12	46:17	46:24	Worlds Preliminary 2026 M	Player 2	4	Canada Ball Control Save	1.5	Harry	
CANADA	Shot Canada	46:19	46:24	46:40	Worlds Preliminary 2026 M	Harry	5	Goal Canada	2	Player 2	
CANADA	Shot Opponent	46:40	46:45	46:54	Worlds Preliminary 2026 M	Player 9	5	Canada Ball Control Save	1	Harry	
CANADA	Shot Canada	46:50	46:55	47:04	Worlds Preliminary 2026 M	Blair	4	Canada Out	6		
CANADA	Shot Opponent	47:01	47:06	47:23	Worlds Preliminary 2026 M	Player 2	1	Canada Ball Control Save	1	Harry	
CANADA	Shot Canada	47:19	47:24	47:32	Worlds Preliminary 2026 M	Harry	2	Opponent Save	3	Player 3	Ball Over
CANADA	Shot Canada	47:28	47:33	47:57	Worlds Preliminary 2026 M	Blair	5	Opponent Save	4	Player 9	
CANADA	Shot Opponent	47:53	47:58	48:06	Worlds Preliminary 2026 M	Player 9	5	Canada Ball Control Save	3	Mason	
CANADA	Shot Canada	48:02	48:07	48:12	Worlds Preliminary 2026 M	Harry	2	Opponent Save	3	Player 3	
CANADA	Shot Opponent	48:07	48:12	48:17	Worlds Preliminary 2026 M	Player 3	3	Canada Ball Control Save	2.5	Mason	
CANADA	Shot Canada	48:14	48:19	48:28	Worlds Preliminary 2026 M	Blair	5	Opponent Save	2.5	Player 3	
CANADA	Shot Opponent	48:24	48:29	48:41	Worlds Preliminary 2026 M	Player 2	2	Canada Ball Control Save	4	Mason	
CANADA	Shot Canada	49:23	49:28	49:38	Worlds Preliminary 2026 M	Blair	5	Long Ball			
CANADA	Penalty Shot Opponent	49:44	49:49	50:10	Worlds Preliminary 2026 M	Player 2	5	Opponent Out	0		
CANADA	Shot Canada	50:11	50:16	50:24	Worlds Preliminary 2026 M	Blair	5	Opponent Save	4	Player 9	
CANADA	Shot Opponent	50:20	50:25	50:30	Worlds Preliminary 2026 M	Player 3	3	Canada Ball Control Save	3	Mason	
CANADA	Shot Canada	50:23	50:28	50:38	Worlds Preliminary 2026 M	Mason	3	Opponent Save	3.5	Player 3	
CANADA	Shot Opponent	50:33	50:38	50:43	Worlds Preliminary 2026 M	Player 2	2	Canada Ball Control Save	4	Blair	
CANADA	Shot Canada	50:37	50:42	50:50	Worlds Preliminary 2026 M	Blair	5	Canada Out	6		
CANADA	Shot Opponent	50:55	51:00	51:11	Worlds Preliminary 2026 M	Player 9	5	Canada Ball Control Save	2	Mason	
CANADA	Shot Canada	51:07	51:12	51:21	Worlds Preliminary 2026 M	Harry	1	Opponent Save	4	Player 9	
CANADA	Shot Opponent	51:17	51:22	51:28	Worlds Preliminary 2026 M	Player 9	1	Opponent Out	6		
CANADA	Shot Canada	51:24	51:29	51:38	Worlds Preliminary 2026 M	Harry	1	Opponent Save	3	Player 3	
CANADA	Shot Opponent	51:37	51:42	51:56	Worlds Preliminary 2026 M	Player 2	1	Canada Ball Control Save	3	Mason	
CANADA	Shot Canada	51:51	51:56	52:04	Worlds Preliminary 2026 M	Blair	4	Opponent Save	3.5	Player 3	
CANADA	Shot Opponent	52:00	52:05	52:14	Worlds Preliminary 2026 M	Player 3	3	Canada Save	2	Mason	
CANADA	Shot Canada	52:58	53:03	53:12	Worlds Preliminary 2026 M	Harry	1	Opponent Save	1.5	Player 2	
CANADA	Shot Opponent	53:07	53:12	53:19	Worlds Preliminary 2026 M	Player 2	2	Canada Save	1	Harry	
CANADA	Shot Canada	53:15	53:20	53:40	Worlds Preliminary 2026 M	Blair	5	Opponent Save	4.5	Player 2	
CANADA	Shot Opponent	53:36	53:41	53:46	Worlds Preliminary 2026 M	Player 9	5	Canada Ball Control Save	3	Mason	
CANADA	Shot Canada	53:42	53:47	53:53	Worlds Preliminary 2026 M	Mason	3	Opponent Save	4.5	Player 9	
CANADA	Shot Opponent	53:49	53:54	54:02	Worlds Preliminary 2026 M	Player 3	3	Canada Ball Control Save	2	Harry	
CANADA	Shot Canada	53:58	54:03	54:10	Worlds Preliminary 2026 M	Harry	1	Opponent Save	1.5	Player 2	
CANADA	Shot Opponent	54:06	54:11	54:18	Worlds Preliminary 2026 M	Player 2	2	Canada Ball Control Save	2.5	Mason	
CANADA	Shot Canada	54:15	54:20	54:27	Worlds Preliminary 2026 M	Blair	5	Opponent Save	2	Player 3	
CANADA	Shot Opponent	54:24	54:29	54:34	Worlds Preliminary 2026 M	Player 3	3	Canada Ball Control Save	4	Blair	
CANADA	Shot Canada	54:28	54:33	54:47	Worlds Preliminary 2026 M	Blair	5	Opponent Save	4	Player 3	
CANADA	Shot Opponent	55:21	55:26	55:43	Worlds Preliminary 2026 M	Player 9	4	Canada Save	4	Blair	
CANADA	Shot Canada	56:17	56:22	56:41	Worlds Preliminary 2026 M	Blair	5	Opponent Save	3.5	Player 3	
CANADA	Shot Opponent	57:04	57:09	57:20	Worlds Preliminary 2026 M	Player 9	2	Canada Save	4	Blair	
CANADA	T-END	57:38	57:38	57:38	Worlds Preliminary 2026 M						
CANADA	@@@P1	00:00	00:00	00:00	Worlds Preliminary 2026 M						
CANADA	T-START	00:00	00:00	00:00	Worlds Preliminary 2026 M						
CANADA	Shot Opponent	15:11	15:16	15:30	Worlds Preliminary 2026 M	Player 5	4	Canada Save	3.5	Mason	
CANADA	Shot Canada	15:25	15:30	15:37	Worlds Preliminary 2026 M	Nick	4	Opponent Save	4	Player 5	
CANADA	Shot Opponent	15:32	15:37	15:43	Worlds Preliminary 2026 M	Player 5	4	Canada Ball Control Save	1	Blair	
CANADA	Shot Canada	15:41	15:46	15:55	Worlds Preliminary 2026 M	Blair	2	Opponent Save	2	Player 3	
CANADA	Shot Opponent	15:50	15:55	16:03	Worlds Preliminary 2026 M	Player 3	2	Canada Ball Control Save	2	Mason	
CANADA	Shot Canada	15:58	16:03	16:08	Worlds Preliminary 2026 M	Mason	3	Opponent Save	5	Player 5	
CANADA	Shot Opponent	16:04	16:09	16:17	Worlds Preliminary 2026 M	Player 5	4	Canada Ball Control Save	5	Nick	
CANADA	Shot Canada	16:12	16:17	16:25	Worlds Preliminary 2026 M	Nick	5	Opponent Save	1	Player 3	
CANADA	Shot Opponent	16:22	16:27	16:39	Worlds Preliminary 2026 M	Player 3	1	Canada Save	4.5	Nick	
CANADA	Shot Canada	16:35	16:40	16:49	Worlds Preliminary 2026 M	Blair	5	Opponent Save	2.5	Player 7	
CANADA	Shot Opponent	16:45	16:50	16:56	Worlds Preliminary 2026 M	Player 3	3	Canada Ball Control Save	3	Mason	
CANADA	Shot Canada	16:51	16:56	17:07	Worlds Preliminary 2026 M	Nick	4	Opponent Save	4	Player 7	
CANADA	Shot Opponent	17:03	17:08	17:15	Worlds Preliminary 2026 M	Player 5	4	Opponent Out	6		
CANADA	Shot Canada	17:11	17:16	17:32	Worlds Preliminary 2026 M	Blair	5	Opponent Save	2	Player 3	
CANADA	Shot Opponent	17:27	17:32	17:39	Worlds Preliminary 2026 M	Player 5	5	Opponent Out	6		
CANADA	Shot Canada	17:42	17:47	18:02	Worlds Preliminary 2026 M	Nick	2	Opponent Save	5	Player 5	
CANADA	Shot Opponent	17:57	18:02	18:08	Worlds Preliminary 2026 M	Player 3	4	Opponent Out	0		
CANADA	Shot Canada	18:06	18:11	18:24	Worlds Preliminary 2026 M	Blair	4	Opponent Save	3	Player 7	
CANADA	Shot Opponent	18:20	18:25	18:47	Worlds Preliminary 2026 M	Player 5	4	Canada Save	4	Nick	
CANADA	Shot Canada	18:43	18:48	18:55	Worlds Preliminary 2026 M	Mason	3	Opponent Save	2	Player 7	
CANADA	Shot Opponent	18:50	18:55	19:04	Worlds Preliminary 2026 M	Player 3	2	Canada Ball Control Save	2	Blair	
CANADA	Shot Canada	19:00	19:05	19:12	Worlds Preliminary 2026 M	Blair	2	Opponent Save	3	Player 7	
CANADA	Shot Opponent	19:07	19:12	19:21	Worlds Preliminary 2026 M	Player 5	4	Canada Save	2.5	Mason	
CANADA	Shot Canada	19:16	19:21	19:29	Worlds Preliminary 2026 M	Blair	2	Opponent Save	2	Player 3	
CANADA	Shot Opponent	19:24	19:29	19:35	Worlds Preliminary 2026 M	Player 3	4	Canada Ball Control Save	2.5	Mason	
CANADA	Shot Canada	19:31	19:36	19:41	Worlds Preliminary 2026 M	Mason	3	Opponent Save	2.5	Player 7	
CANADA	Shot Opponent	19:35	19:40	19:48	Worlds Preliminary 2026 M	Player 3	2	Canada Save	4	Nick	
CANADA	Shot Canada	19:44	19:49	19:56	Worlds Preliminary 2026 M	Blair	2	Opponent Save	4.5	Player 5	
CANADA	Shot Opponent	19:51	19:56	20:06	Worlds Preliminary 2026 M	Player 5	4	Canada Save	4	Nick	
CANADA	Shot Canada	20:01	20:06	20:14	Worlds Preliminary 2026 M	Nick	4	Opponent Save	2	Player 3	
CANADA	Shot Opponent	20:09	20:14	20:21	Worlds Preliminary 2026 M	Player 3	2	Canada Ball Control Save	2.5	Mason	
CANADA	Shot Canada	20:17	20:22	20:30	Worlds Preliminary 2026 M	Mason	4	Opponent Save	4.5	Player 5	
CANADA	Shot Opponent	20:25	20:30	20:48	Worlds Preliminary 2026 M	Player 5	4	Canada Save	2	Blair	Ball Over
CANADA	Shot Opponent	20:43	20:48	20:59	Worlds Preliminary 2026 M	Player 3	1	Canada Save	4	Nick	
CANADA	Shot Canada	20:54	20:59	21:07	Worlds Preliminary 2026 M	Nick	5	Opponent Save	4	Player 7	
CANADA	Shot Opponent	21:02	21:07	21:17	Worlds Preliminary 2026 M	Player 5	3	Canada Ball Control Save	5	Nick	
CANADA	Shot Canada	21:13	21:18	21:39	Worlds Preliminary 2026 M	Blair	4	Opponent Save	3	Player 7	
CANADA	Shot Opponent	21:35	21:40	21:47	Worlds Preliminary 2026 M	Player 3	1	Canada Ball Control Save	3	Mason	
CANADA	Shot Canada	21:43	21:48	21:53	Worlds Preliminary 2026 M	Mason	3	Opponent Save	1.5	Player 3	
CANADA	Shot Opponent	21:47	21:52	22:00	Worlds Preliminary 2026 M	Player 3	1	Canada Ball Control Save	4	Nick	
CANADA	Shot Canada	21:55	22:00	22:05	Worlds Preliminary 2026 M	Nick	4	Opponent Save	2	Player 3	
CANADA	Shot Opponent	21:58	22:03	22:12	Worlds Preliminary 2026 M	Player 5	4	Canada Ball Control Save	1.5	Blair	
CANADA	Shot Canada	22:07	22:12	22:18	Worlds Preliminary 2026 M	Blair	1	Opponent Save	4.5	Player 5	
CANADA	Shot Opponent	22:13	22:18	22:23	Worlds Preliminary 2026 M	Player 5	5	Opponent Out	6		
CANADA	Shot Canada	22:24	22:29	22:45	Worlds Preliminary 2026 M	Mason	5	Opponent Save	2	Player 3	
CANADA	Shot Opponent	22:42	22:47	22:54	Worlds Preliminary 2026 M	Player 3	4	Canada Ball Control Save	1.5	Blair	
CANADA	Shot Canada	22:52	22:57	23:11	Worlds Preliminary 2026 M	Nick	5	Opponent Save	4.5	Player 5	
CANADA	Shot Opponent	23:50	23:55	24:12	Worlds Preliminary 2026 M	Player 5	4	Goal Opponent	1.5	Blair	
CANADA	Shot Canada	24:13	24:18	24:29	Worlds Preliminary 2026 M	Blair	2	Opponent Save	1.5	Player 3	
CANADA	Shot Opponent	24:24	24:29	24:38	Worlds Preliminary 2026 M	Player 3	2	Canada Ball Control Save	3.5	Mason	
CANADA	Shot Canada	24:33	24:38	24:45	Worlds Preliminary 2026 M	Mason	4	Opponent Save	2	Player 3	
CANADA	Shot Opponent	24:40	24:45	24:53	Worlds Preliminary 2026 M	Player 3	2	Canada Save	2	Mason	
CANADA	Shot Canada	24:48	24:53	25:00	Worlds Preliminary 2026 M	Blair	2	Opponent Save	5	Player 5	
CANADA	Shot Opponent	24:55	25:00	25:18	Worlds Preliminary 2026 M	Player 5	4	Goal Opponent	4	Nick	
CANADA	Shot Canada	25:17	25:22	25:31	Worlds Preliminary 2026 M	Nick	4	Opponent Save	3.5	Player 7	
CANADA	Shot Opponent	25:27	25:32	25:39	Worlds Preliminary 2026 M	Player 5	4	Canada Save	2	Blair	
CANADA	Shot Canada	25:34	25:39	25:44	Worlds Preliminary 2026 M	Blair	1	Opponent Save	3	Player 7	
CANADA	Shot Opponent	25:38	25:43	25:49	Worlds Preliminary 2026 M	Player 3	3	Canada Ball Control Save	2	Blair	
CANADA	Shot Canada	25:44	25:49	25:54	Worlds Preliminary 2026 M	Blair	2	Opponent Save	2.5	Player 7	
CANADA	Shot Opponent	25:49	25:54	26:05	Worlds Preliminary 2026 M	Player 5	5	Canada Ball Control Save	5	Nick	
CANADA	Shot Canada	26:01	26:06	26:18	Worlds Preliminary 2026 M	Nick	4	Opponent Save	3	Player 7	
CANADA	Shot Opponent	26:14	26:19	26:26	Worlds Preliminary 2026 M	Player 3	1	Canada Ball Control Save	3.5	Mason	
CANADA	Shot Canada	26:21	26:26	26:31	Worlds Preliminary 2026 M	Mason	3	Opponent Save	3	Player 7	
CANADA	Shot Opponent	26:26	26:31	26:40	Worlds Preliminary 2026 M	Player 3	4	Canada Save	2.5	Mason	
CANADA	Shot Canada	26:35	26:40	26:46	Worlds Preliminary 2026 M	Blair	2	Opponent Save	3	Player 7	
CANADA	Shot Opponent	26:42	26:47	27:01	Worlds Preliminary 2026 M	Player 5	3	Canada Save	3	Mason	
CANADA	Shot Opponent	27:40	27:45	27:50	Worlds Preliminary 2026 M						
CANADA	Shot Canada	27:42	27:47	27:52	Worlds Preliminary 2026 M	Mason	5	Long Ball			
CANADA	Penalty Shot Opponent	28:01	28:06	28:17	Worlds Preliminary 2026 M	Player 5	3	Opponent Out	0		
CANADA	Shot Canada	28:16	28:21	28:33	Worlds Preliminary 2026 M	Blair	2	Opponent Save	4	Player 7	
CANADA	Shot Opponent	28:29	28:34	28:54	Worlds Preliminary 2026 M	Player 5	5	Goal Opponent	1.5	Blair	
CANADA	Shot Canada	28:58	29:03	29:11	Worlds Preliminary 2026 M	Nick	4	Opponent Save	4.5	Player 5	
CANADA	Shot Opponent	29:06	29:11	29:17	Worlds Preliminary 2026 M	Player 3	4	Canada Ball Control Save	2	Mason	
CANADA	Shot Canada	29:12	29:17	29:22	Worlds Preliminary 2026 M	Mason	3	Opponent Save	3.5	Player 5	
CANADA	Shot Opponent	29:18	29:23	29:29	Worlds Preliminary 2026 M	Player 3	1	Opponent Out	6		
CANADA	Shot Canada	29:32	29:37	29:49	Worlds Preliminary 2026 M	Blair	2	Opponent Save	5	Player 5	
CANADA	Shot Opponent	29:44	29:49	30:01	Worlds Preliminary 2026 M	Player 5	4	Canada Save	2.5	Mason	
CANADA	Shot Canada	29:56	30:01	30:06	Worlds Preliminary 2026 M	Mason	3	Opponent Save	3	Player 7	
CANADA	Shot Opponent	30:05	30:10	30:19	Worlds Preliminary 2026 M	Player 3	2	Canada Ball Control Save	1.5	Blair	
CANADA	Shot Canada	30:14	30:19	30:27	Worlds Preliminary 2026 M	Blair	5	Opponent Save	3	Player 7	
CANADA	Shot Opponent	30:22	30:27	30:56	Worlds Preliminary 2026 M	Player 5	4	Canada Ball Control Save	4	Nick	
CANADA	Shot Canada	31:10	31:15	31:22	Worlds Preliminary 2026 M	Harry	1	Canada Out	6		
CANADA	Shot Opponent	31:17	31:22	31:41	Worlds Preliminary 2026 M	Player 5	5	Canada Ball Control Save	1.5	Harry	
CANADA	Shot Canada	31:36	31:41	31:48	Worlds Preliminary 2026 M	Harry	2	Opponent Save	2	Player 3	
CANADA	Shot Opponent	31:43	31:48	31:55	Worlds Preliminary 2026 M	Player 3	2	Canada Ball Control Save	3	Mason	
CANADA	Shot Canada	31:50	31:55	32:06	Worlds Preliminary 2026 M	Mason	4	Opponent Save	3.5	Player 7	Ball Over
CANADA	Shot Canada	32:02	32:07	32:20	Worlds Preliminary 2026 M	Harry	1	Opponent Save	4.5	Player 5	
CANADA	Shot Opponent	32:16	32:21	32:26	Worlds Preliminary 2026 M	Player 5	4	Canada Save	1.5	Harry	
CANADA	Shot Canada	32:21	32:26	32:33	Worlds Preliminary 2026 M	Mason	3	Opponent Save	3.5	Player 5	
CANADA	Shot Opponent	32:29	32:34	32:42	Worlds Preliminary 2026 M	Player 5	5	Canada Save	2	Harry	
CANADA	Shot Canada	32:37	32:42	32:51	Worlds Preliminary 2026 M	Harry	3	Opponent Save	4	Player 5	
CANADA	Shot Opponent	32:47	32:52	32:57	Worlds Preliminary 2026 M	Player 3	2	Opponent Out	0		
CANADA	Shot Canada	32:53	32:58	33:18	Worlds Preliminary 2026 M	Harry	5	Opponent Save	4	Player 7	Ball Over
CANADA	Shot Canada	33:14	33:19	33:33	Worlds Preliminary 2026 M	Harry	1	Opponent Save	5	Player 5	
CANADA	T-END	33:43	33:43	33:43	Worlds Preliminary 2026 M						
CANADA	@@@P2	38:55	38:55	38:55	Worlds Preliminary 2026 M						
CANADA	T-START	38:55	38:55	38:55	Worlds Preliminary 2026 M						
CANADA	Shot Canada	39:04	39:09	39:20	Worlds Preliminary 2026 M	Mason	3	Opponent Save	3.5	Player 7	
CANADA	Shot Opponent	39:16	39:21	39:31	Worlds Preliminary 2026 M	Player 5	4	Canada Save	4	Nick	
CANADA	Shot Canada	39:26	39:31	39:36	Worlds Preliminary 2026 M	Nick	5	Canada Out	0		
CANADA	Shot Opponent	39:31	39:36	39:54	Worlds Preliminary 2026 M	Player 3	2	Canada Save	2.5	Nick	
CANADA	Shot Canada	39:50	39:55	40:00	Worlds Preliminary 2026 M	Nick	5	Opponent Save	3.5	Player 7	
CANADA	Shot Opponent	39:55	40:00	40:09	Worlds Preliminary 2026 M	Player 5	5	Canada Ball Control Save	2.5	Mason	
CANADA	Shot Canada	40:05	40:10	40:15	Worlds Preliminary 2026 M	Mason	3	Opponent Save	3	Player 7	
CANADA	Shot Opponent	40:11	40:16	40:23	Worlds Preliminary 2026 M	Player 3	3	Canada Ball Control Save	3.5	Mason	
CANADA	Shot Canada	40:19	40:24	40:29	Worlds Preliminary 2026 M	Mason	3	Opponent Save	1.5	4.5	Player 5
CANADA	Shot Opponent	40:24	40:29	40:36	Worlds Preliminary 2026 M	Player 5	4	Canada Ball Control Save	1.5	Harry	
CANADA	Shot Canada	40:32	40:37	40:46	Worlds Preliminary 2026 M	Harry	1	Canada Out	6		
CANADA	Shot Opponent	40:42	40:47	41:05	Worlds Preliminary 2026 M	Player 5	4	Canada Save	2.5	Mason	
CANADA	Shot Canada	41:00	41:05	41:11	Worlds Preliminary 2026 M	Harry	2	High Ball			
CANADA	Penalty Shot Opponent	41:23	41:28	42:35	Worlds Preliminary 2026 M	Player 5	3	Goal Opponent	5	Harry	
CANADA	Shot Canada	42:42	42:47	42:56	Worlds Preliminary 2026 M	Nick	4	Goal Canada	2	Player 3	
CANADA	Shot Opponent	42:53	42:58	43:12	Worlds Preliminary 2026 M	Player 3	2	Canada Save	2.5	Mason	
CANADA	Shot Canada	43:07	43:12	43:23	Worlds Preliminary 2026 M	Nick	5	Opponent Save	3.5	Player 7	
CANADA	Shot Opponent	43:18	43:23	43:35	Worlds Preliminary 2026 M	Player 5	4	Goal Opponent	4.5	Nick	
CANADA	Shot Canada	43:37	43:42	43:56	Worlds Preliminary 2026 M	Harry	2	Opponent Save	1	Player 3	
CANADA	Shot Opponent	43:52	43:57	44:10	Worlds Preliminary 2026 M	Player 3	2	Canada Ball Control Save	2	4	Nick
CANADA	Shot Canada	44:05	44:10	44:15	Worlds Preliminary 2026 M	Mason	4	Opponent Save	2	Player 7	
CANADA	Shot Opponent	44:10	44:15	44:22	Worlds Preliminary 2026 M	Player 3	1	Canada Ball Control Save	3.5	Mason	
CANADA	Shot Canada	44:18	44:23	44:31	Worlds Preliminary 2026 M	Mason	5	Opponent Save	4	Player 5	
CANADA	Shot Opponent	44:26	44:31	44:37	Worlds Preliminary 2026 M	Player 5	3	Canada Ball Control Save	2	Mason	
CANADA	Shot Canada	44:33	44:38	44:46	Worlds Preliminary 2026 M	Harry	1	Opponent Save	4.5	Player 5	
CANADA	Shot Opponent	44:42	44:47	44:56	Worlds Preliminary 2026 M	Player 5	5	Canada Ball Control Save	3	Mason	
CANADA	Shot Canada	44:51	44:56	45:05	Worlds Preliminary 2026 M	Harry	1	Opponent Save	2.5	Player 7	
CANADA	Shot Opponent	45:00	45:05	45:14	Worlds Preliminary 2026 M	Player 3	3	Canada Save	2.5	Mason	
CANADA	Shot Canada	45:10	45:15	45:21	Worlds Preliminary 2026 M	Nick	4	Opponent Save	2	Player 3	
CANADA	Shot Opponent	45:16	45:21	45:33	Worlds Preliminary 2026 M	Player 3	1	Canada Ball Control Save	3.5	Nick	
CANADA	Shot Canada	45:31	45:36	45:41	Worlds Preliminary 2026 M	Mason	3	High Ball			
CANADA	Penalty Shot Opponent	45:46	45:51	46:55	Worlds Preliminary 2026 M	Player 3	3	Canada Ball Control Save	3	Mason	
CANADA	Shot Canada	46:56	47:01	47:13	Worlds Preliminary 2026 M	Harry	1	Canada Out	6		
CANADA	Shot Opponent	47:12	47:17	47:31	Worlds Preliminary 2026 M	Player 5	4	Canada Save	2.5	Mason	
CANADA	Shot Canada	47:27	47:32	47:39	Worlds Preliminary 2026 M	Nick	4	Opponent Save	2.5	Player 7	
CANADA	Shot Opponent	47:35	47:40	47:48	Worlds Preliminary 2026 M	Player 3	2	Canada Ball Control Save	3.5	Mason	
CANADA	Shot Canada	47:43	47:48	47:56	Worlds Preliminary 2026 M	Mason	5	Opponent Save	4.5	Player 5	
CANADA	Shot Opponent	47:52	47:57	48:03	Worlds Preliminary 2026 M	Player 5	2	Canada Ball Control Save	4	Nick	
CANADA	Shot Canada	47:58	48:03	48:08	Worlds Preliminary 2026 M	Nick	4	Opponent Save	4	Player 5	
CANADA	Shot Opponent	48:05	48:10	48:26	Worlds Preliminary 2026 M	Player 3	2	Canada Ball Control Save	4	Nick	Mason
CANADA	Shot Canada	48:21	48:26	48:31	Worlds Preliminary 2026 M	Mason	3	Opponent Save	4	Player 5	
CANADA	Shot Opponent	48:26	48:31	48:37	Worlds Preliminary 2026 M	Player 3	2	Canada Ball Control Save	2	Mason	
CANADA	Shot Canada	48:33	48:38	48:46	Worlds Preliminary 2026 M	Harry	2	Opponent Save	1	Player 3	
CANADA	Shot Opponent	48:42	48:47	49:11	Worlds Preliminary 2026 M	Player 5	4	Goal Opponent	4	Nick	
CANADA	Shot Canada	49:12	49:17	49:33	Worlds Preliminary 2026 M	Harry	5	Opponent Save	1	Player 3	
CANADA	Shot Canada	49:37	49:42	49:47	Worlds Preliminary 2026 M	Mason	3	Opponent Save	1.5	Player 3	
CANADA	Shot Opponent	49:40	49:45	49:55	Worlds Preliminary 2026 M	Player 5	4	Canada Ball Control Save	2	Mason	
CANADA	Shot Canada	49:52	49:57	50:04	Worlds Preliminary 2026 M	Nick	4	Opponent Save	2	Player 3	
CANADA	Shot Opponent	50:00	50:05	50:15	Worlds Preliminary 2026 M	Player 3	2	Canada Ball Control Save	4	Nick	
CANADA	Shot Canada	50:59	51:04	51:13	Worlds Preliminary 2026 M	Harry	1	Long Ball			
CANADA	Penalty Shot Opponent	51:22	51:27	51:42	Worlds Preliminary 2026 M	Player 5	5	Goal Opponent	3.5	Harry	
CANADA	Shot Canada	51:39	51:44	52:01	Worlds Preliminary 2026 M	Blair	5	Goal Canada	5	Player 5	
CANADA	Shot Opponent	52:12	52:17	52:22	Worlds Preliminary 2026 M	Player 3	2	Canada Ball Control Save	4.5	Blair	
CANADA	Shot Canada	52:16	52:21	52:26	Worlds Preliminary 2026 M	Blair	4	Opponent Save	2	Player 3	
CANADA	Shot Opponent	52:20	52:25	52:32	Worlds Preliminary 2026 M	Player 3	2	Canada Ball Control Save	2	Mason	
CANADA	Shot Canada	52:28	52:33	52:38	Worlds Preliminary 2026 M	Mason	3	Opponent Save	3.5	Player 7	
CANADA	Shot Opponent	52:34	52:39	52:49	Worlds Preliminary 2026 M	Player 5	4	Canada Ball Control Save	4	Blair	
CANADA	Shot Canada	52:45	52:50	52:56	Worlds Preliminary 2026 M	Blair	5	Opponent Save	2.5	Player 7	
CANADA	Shot Opponent	52:52	52:57	53:06	Worlds Preliminary 2026 M	Player 3	4	Canada Ball Control Save	1.5	Harry	
CANADA	Shot Canada	53:01	53:06	53:12	Worlds Preliminary 2026 M	Harry	4	Opponent Save	4.5	Player 5	
CANADA	Shot Opponent	53:08	53:13	53:21	Worlds Preliminary 2026 M	Player 5	4	Canada Ball Control Save	2	Mason	
CANADA	Shot Canada	53:16	53:21	53:30	Worlds Preliminary 2026 M	Harry	1	Canada Out	0		
CANADA	Shot Opponent	53:27	53:32	53:44	Worlds Preliminary 2026 M	Player 3	2	Canada Ball Control Save	2.5	Mason	
CANADA	Shot Canada	53:40	53:45	53:50	Worlds Preliminary 2026 M	Mason	3	Opponent Save	4	Player 5	
CANADA	Shot Opponent	53:44	53:49	54:01	Worlds Preliminary 2026 M	Player 5	3	Canada Save	3	Mason	
CANADA	Shot Canada	53:56	54:01	54:10	Worlds Preliminary 2026 M	Blair	4	Opponent Save	3.5	Player 7	
CANADA	Shot Opponent	54:05	54:10	54:20	Worlds Preliminary 2026 M	Player 5	4	Canada Ball Control Save	4	Blair	
CANADA	Shot Canada	54:16	54:21	54:34	Worlds Preliminary 2026 M	Harry	1	Goal Canada	4	Player 5	
CANADA	Shot Opponent	54:34	54:39	54:53	Worlds Preliminary 2026 M	Player 3	2	Canada Ball Control Save	3.5	Mason	
CANADA	Shot Canada	54:49	54:54	55:06	Worlds Preliminary 2026 M	Blair	5	Goal Canada	2	Player 3	
CANADA	Shot Opponent	55:07	55:12	55:26	Worlds Preliminary 2026 M	Player 3	2	Canada Ball Control Save	4	Blair	
CANADA	Shot Canada	55:21	55:26	55:33	Worlds Preliminary 2026 M	Harry	1	Opponent Save	3.5	Player 7	
CANADA	Shot Opponent	55:28	55:33	55:42	Worlds Preliminary 2026 M	Player 5	4	Canada Ball Control Save	4	Blair	
CANADA	Shot Canada	55:38	55:43	55:49	Worlds Preliminary 2026 M	Blair	5	Opponent Save	2.5	Player 7	
CANADA	Shot Opponent	55:45	55:50	56:01	Worlds Preliminary 2026 M	Player 3	2	Canada Ball Control Save	2	Mason	
CANADA	Shot Canada	56:39	56:44	56:56	Worlds Preliminary 2026 M	Blair	4	Opponent Save	3	Player 7	
CANADA	Shot Opponent	56:52	56:57	57:06	Worlds Preliminary 2026 M	Player 5	4	Canada Ball Control Save	2	Mason	
CANADA	Shot Canada	57:01	57:06	57:13	Worlds Preliminary 2026 M	Mason	3	Opponent Save	4	Player 5	
CANADA	Shot Opponent	57:08	57:13	57:25	Worlds Preliminary 2026 M	Player 3	4	Canada Save	2	Harry	
CANADA	Shot Canada	57:21	57:26	57:31	Worlds Preliminary 2026 M	Mason	3	Opponent Save	4	Player 5	
CANADA	Shot Opponent	57:27	57:32	57:37	Worlds Preliminary 2026 M	Player 3	2	Canada Ball Control Save	3	Mason	
CANADA	Shot Canada	57:32	57:37	57:46	Worlds Preliminary 2026 M	Blair	5	Opponent Save	2	Player 3	
CANADA	Shot Opponent	57:42	57:47	57:56	Worlds Preliminary 2026 M	Player 3	2	Canada Ball Control Save	5	Blair	
CANADA	Shot Canada	58:27	58:32	58:52	Worlds Preliminary 2026 M	Harry	4	Canada Out	0		
CANADA	Shot Opponent	58:48	58:53	59:04	Worlds Preliminary 2026 M	Player 5	4	Canada Ball Control Save	2	Mason	
CANADA	Shot Canada	58:59	59:04	59:13	Worlds Preliminary 2026 M	Blair	4	Long Ball			
CANADA	Penalty Shot Opponent	59:25	59:30	59:42	Worlds Preliminary 2026 M	Player 5	3	Opponent Out	6		
CANADA	Shot Canada	59:44	59:49	59:58	Worlds Preliminary 2026 M	Harry	1	Opponent Save	4	Player 5	
CANADA	Shot Opponent	59:56	60:01	60:12	Worlds Preliminary 2026 M	Player 3	4	Canada Ball Control Save	1	Harry	
CANADA	Shot Canada	60:08	60:13	60:24	Worlds Preliminary 2026 M	Harry	5	Opponent Save	3	Player 7	
CANADA	Shot Opponent	60:19	60:24	60:37	Worlds Preliminary 2026 M	Player 3	2	Canada Ball Control Save	4	Nick	
CANADA	Shot Canada	60:32	60:37	60:42	Worlds Preliminary 2026 M	Blair	5	Opponent Save	2	Player 3	
CANADA	Shot Opponent	60:38	60:43	60:51	Worlds Preliminary 2026 M	Player 3	1	Canada Ball Control Save	5	Blair	
CANADA	Shot Canada	60:49	60:54	60:59	Worlds Preliminary 2026 M	Harry	5	Long Ball			
CANADA	Penalty Shot Opponent	61:20	61:25	61:37	Worlds Preliminary 2026 M	Player 3	1	Goal Opponent	4	Harry	
CANADA	Shot Canada	61:37	61:42	61:52	Worlds Preliminary 2026 M	Blair	5	Opponent Save	2	Player 3	
CANADA	Shot Opponent	61:47	61:52	62:03	Worlds Preliminary 2026 M	Player 3	1	Canada Save	5	Blair	
CANADA	Shot Canada	61:59	62:04	62:09	Worlds Preliminary 2026 M	Blair	5	Opponent Save	3	Player 7	
CANADA	Shot Opponent	62:05	62:10	62:16	Worlds Preliminary 2026 M	Player 5	5	Canada Ball Control Save	1	Harry	
CANADA	Shot Canada	62:12	62:17	62:24	Worlds Preliminary 2026 M	Harry	1	Opponent Save	3	Player 7	
CANADA	Shot Opponent	62:20	62:25	62:33	Worlds Preliminary 2026 M	Player 3	1	Canada Ball Control Save	2.5	Mason	
CANADA	Shot Canada	62:29	62:34	62:39	Worlds Preliminary 2026 M	Mason	3	Opponent Save	2.5	Player 7	
CANADA	T-END	62:50	62:50	62:50	Worlds Preliminary 2026 M						
